State,Month,Year,Beverage,Ethanol,PerCapita,,,,,,,,
Alaska,1,2017,Spirits,42598,7.18,,,,,,,,
Alaska,1,2017,Wine,18124,3.05,,,,,,,,
Alaska,1,2017,Beer,35433,5.97,,,Sum of PerCapita,Column Labels,,,,
Alaska,2,2017,Spirits,49702,8.38,,,Row Labels,2017,2018,2019,2020,Grand Total
Alaska,2,2017,Wine,21036,3.55,,,Alaska,279.87,285.64,288.07,135.83,989.41
Alaska,2,2017,Beer,38057,6.41,,,1,16.2,16.46,17.77,18.31,68.74
Alaska,3,2017,Spirits,57964,9.77,,,2,18.34,17.91,18.22,18.87,73.34
Alaska,3,2017,Wine,26799,4.52,,,3,22.66,21.95,21.86,25.01,91.48
Alaska,3,2017,Beer,49693,8.37,,,4,20.85,20.88,22.08,21.23,85.04
Alaska,4,2017,Spirits,54136,9.12,,,5,26.92,28.04,29.34,25.68,109.98
Alaska,4,2017,Wine,21468,3.62,,,6,30.38,29.29,28.64,26.73,115.04
Alaska,4,2017,Beer,48108,8.11,,,7,25.66,29.1,31.64,,86.4
Alaska,5,2017,Spirits,65009,10.96,,,8,30.11,30.08,29.16,,89.35
Alaska,5,2017,Wine,29093,4.9,,,9,22.53,21.87,22.17,,66.57
Alaska,5,2017,Beer,65609,11.06,,,10,20.88,23.31,22.83,,67.02
Alaska,6,2017,Spirits,74444,12.55,,,11,21.93,22.91,21.06,,65.9
Alaska,6,2017,Wine,32537,5.48,,,12,23.41,23.84,23.3,,70.55
Alaska,6,2017,Beer,73304,12.35,,,Arkansas,181.8,178.06,180.76,88.59,629.21
Alaska,7,2017,Spirits,61279,10.33,,,1,15.34,14.09,12.38,13.22,55.03
Alaska,7,2017,Wine,27565,4.65,,,2,12.41,11.93,13.94,13.04,51.32
Alaska,7,2017,Beer,63374,10.68,,,3,13.34,13.58,13.69,12.91,53.52
Alaska,8,2017,Spirits,73012,12.3,,,4,14.94,15.67,15.77,15.65,62.03
Alaska,8,2017,Wine,32067,5.4,,,5,14.61,15.39,14.54,17.15,61.69
Alaska,8,2017,Beer,73643,12.41,,,6,16.16,15.93,17.88,16.62,66.59
Alaska,9,2017,Spirits,59212,9.98,,,7,17.32,15.72,14.91,,47.95
Alaska,9,2017,Wine,25682,4.33,,,8,14.55,14.87,14.6,,44.02
Alaska,9,2017,Beer,48752,8.22,,,9,16.83,16.32,14.85,,48
Alaska,10,2017,Spirits,54797,9.23,,,10,14.65,14.14,15.71,,44.5
Alaska,10,2017,Wine,24217,4.08,,,11,16.48,15.86,17.34,,49.68
Alaska,10,2017,Beer,44904,7.57,,,12,15.17,14.56,15.15,,44.88
Alaska,11,2017,Spirits,60612,10.21,,,Colorado,284.48,288.13,278.53,113.5,964.64
Alaska,11,2017,Wine,25023,4.22,,,1,17.64,18.29,20.31,19.49,75.73
Alaska,11,2017,Beer,44491,7.5,,,2,20.11,19.6,19.99,19.97,79.67
Alaska,12,2017,Spirits,67433,11.36,,,3,24.02,22.49,22.64,26.09,95.24
Alaska,12,2017,Wine,28685,4.83,,,4,20.91,21.17,22.79,22.64,87.51
Alaska,12,2017,Beer,42832,7.22,,,5,25.06,26.46,19.56,25.31,96.39
Alaska,1,2018,Spirits,40474,6.85,,,6,29.63,28.68,27.64,,85.95
Alaska,1,2018,Wine,18400,3.11,,,7,22.05,24.2,25.3,,71.55
Alaska,1,2018,Beer,38406,6.5,,,8,27,27.86,26.78,,81.64
Alaska,2,2018,Spirits,47469,8.04,,,9,22.81,22.29,23.01,,68.11
Alaska,2,2018,Wine,22273,3.77,,,10,22.57,24.02,25.24,,71.83
Alaska,2,2018,Beer,36015,6.1,,,11,24.54,24.7,22.2,,71.44
Alaska,3,2018,Spirits,60204,10.19,,,12,28.14,28.37,23.07,,79.58
Alaska,3,2018,Wine,22483,3.81,,,Connecticut,240.78,240.45,247.07,75.36,803.66
Alaska,3,2018,Beer,46977,7.95,,,1,14.17,15.06,20.5,21.02,70.75
Alaska,4,2018,Spirits,53604,9.07,,,2,17.57,17.75,17.33,17.27,69.92
Alaska,4,2018,Wine,22259,3.77,,,3,19.88,18.96,18.18,20.03,77.05
Alaska,4,2018,Beer,47500,8.04,,,4,18.27,18.42,19.55,17.04,73.28
Alaska,5,2018,Spirits,70082,11.86,,,5,21.69,21.97,21.95,,65.61
Alaska,5,2018,Wine,29332,4.97,,,6,24.9,23.36,21.98,,70.24
Alaska,5,2018,Beer,66201,11.21,,,7,19.93,21.26,22.14,,63.33
Alaska,6,2018,Spirits,73290,12.41,,,8,20.38,20.37,20.22,,60.97
Alaska,6,2018,Wine,30818,5.22,,,9,18.98,17.98,18.8,,55.76
Alaska,6,2018,Beer,68876,11.66,,,10,22.83,23.1,22.79,,68.72
Alaska,7,2018,Spirits,72932,12.35,,,11,21.82,21.72,21.78,,65.32
Alaska,7,2018,Wine,28536,4.83,,,12,20.36,20.5,21.85,,62.71
Alaska,7,2018,Beer,70397,11.92,,,Florida,263.31,261.92,266.28,134.22,925.73
Alaska,8,2018,Spirits,73554,12.45,,,1,18.25,19.02,19.95,20.54,77.76
Alaska,8,2018,Wine,33011,5.59,,,2,20.63,20.17,20.23,21.01,82.04
Alaska,8,2018,Beer,71110,12.04,,,3,25.3,24.5,24.32,26.58,100.7
Alaska,9,2018,Spirits,55841,9.45,,,4,20.91,20.09,22.55,19.9,83.45
Alaska,9,2018,Wine,24427,4.13,,,5,22.98,24.21,22.98,21.6,91.77
Alaska,9,2018,Beer,48957,8.29,,,6,24.1,23.29,22.54,24.59,94.52
Alaska,10,2018,Spirits,62690,10.61,,,7,17.73,18.9,19.78,,56.41
Alaska,10,2018,Wine,26160,4.43,,,8,21.8,21.47,21.02,,64.29
Alaska,10,2018,Beer,48883,8.27,,,9,17.98,17.69,18.22,,53.89
Alaska,11,2018,Spirits,63745,10.79,,,10,22.63,22.61,23.75,,68.99
Alaska,11,2018,Wine,27759,4.7,,,11,23.56,23.5,23.34,,70.4
Alaska,11,2018,Beer,43811,7.42,,,12,27.44,26.47,27.6,,81.51
Alaska,12,2018,Spirits,68120,11.53,,,Illinois,238.16,238.94,240.44,111.87,829.41
Alaska,12,2018,Wine,29058,4.92,,,1,13.44,14.15,13.69,15.31,56.59
Alaska,12,2018,Beer,43674,7.39,,,2,15.85,15.75,16.38,15.69,63.67
Alaska,1,2019,Spirits,46375,7.87,,,3,19.53,18.94,18.07,19.23,75.77
Alaska,1,2019,Wine,19064,3.23,,,4,17.76,17.43,19.33,17.85,72.37
Alaska,1,2019,Beer,39296,6.67,,,5,22.57,24,22.49,20.45,89.51
Alaska,2,2019,Spirits,49934,8.47,,,6,25.36,23.85,23.33,23.34,95.88
Alaska,2,2019,Wine,21549,3.66,,,7,16.94,19.22,20.45,,56.61
Alaska,2,2019,Beer,35928,6.09,,,8,22.64,22.73,21.79,,67.16
Alaska,3,2019,Spirits,60900,10.33,,,9,18.73,17.71,18.77,,55.21
Alaska,3,2019,Wine,23356,3.96,,,10,20.07,20.65,21.48,,62.2
Alaska,3,2019,Beer,44638,7.57,,,11,20.98,20.41,19.81,,61.2
Alaska,4,2019,Spirits,55268,9.38,,,12,24.29,24.1,24.85,,73.24
Alaska,4,2019,Wine,23618,4.01,,,Kansas,183.24,177.85,183.62,91.78,636.49
Alaska,4,2019,Beer,51214,8.69,,,1,14.76,12,13.93,14.22,54.91
Alaska,5,2019,Spirits,76844,13.04,,,2,13.01,12.92,14.16,14.44,54.53
Alaska,5,2019,Wine,29427,4.99,,,3,13.45,11.87,12.09,14.57,51.98
Alaska,5,2019,Beer,66696,11.31,,,4,16.08,14.91,15.71,15.32,62.02
Alaska,6,2019,Spirits,70036,11.88,,,5,14.09,14.68,16.38,15.23,60.38
Alaska,6,2019,Wine,31062,5.27,,,6,15.43,16.72,17.51,18,67.66
Alaska,6,2019,Beer,67704,11.49,,,7,18.84,17.98,15.06,,51.88
Alaska,7,2019,Spirits,77748,13.19,,,8,14.14,15.47,15.33,,44.94
Alaska,7,2019,Wine,31969,5.42,,,9,17.15,16.62,16.8,,50.57
Alaska,7,2019,Beer,76791,13.03,,,10,14.21,13.33,15.76,,43.3
Alaska,8,2019,Spirits,70082,11.89,,,11,16.38,15.91,16.62,,48.91
Alaska,8,2019,Wine,31219,5.3,,,12,15.7,15.44,14.27,,45.41
Alaska,8,2019,Beer,70539,11.97,,,Kentucky,197.36,195.78,202.19,102.12,697.45
Alaska,9,2019,Spirits,59096,10.03,,,1,18.62,17.51,21.77,19.43,77.33
Alaska,9,2019,Wine,23588,4,,,2,9.36,11.91,9.99,13.59,44.85
Alaska,9,2019,Beer,47988,8.14,,,3,16.47,14.53,14.09,15.18,60.27
Alaska,10,2019,Spirits,62185,10.55,,,4,17.11,17.1,16.83,18.13,69.17
Alaska,10,2019,Wine,24592,4.17,,,5,15.51,16.41,17.92,18.12,67.96
Alaska,10,2019,Beer,47804,8.11,,,6,17.94,17.75,15.61,17.67,68.97
Alaska,11,2019,Spirits,56012,9.5,,,7,19.13,18.67,20.58,,58.38
Alaska,11,2019,Wine,25264,4.29,,,8,15.29,15.84,16.74,,47.87
Alaska,11,2019,Beer,42866,7.27,,,9,18.53,18.65,10.91,,48.09
Alaska,12,2019,Spirits,66386,11.26,,,10,15.93,15.02,21.58,,52.53
Alaska,12,2019,Wine,27436,4.65,,,11,16.74,16.18,19.74,,52.66
Alaska,12,2019,Beer,43548,7.39,,,12,16.73,16.21,16.43,,49.37
Alaska,1,2020,Spirits,50095,8.5,,,Louisiana,133.15,132.56,134.1,69.55,469.36
Alaska,1,2020,Wine,18485,3.14,,,1,9.17,10.2,8.51,10.74,38.62
Alaska,1,2020,Beer,39292,6.67,,,2,9.99,10.25,9.28,11.77,41.29
Alaska,2,2020,Spirits,51290,8.7,,,3,11.67,10.61,9.2,11.66,43.14
Alaska,2,2020,Wine,23657,4.01,,,4,10.47,10.98,11.44,11.11,44
Alaska,2,2020,Beer,36320,6.16,,,5,11.43,12.3,12.39,12.21,48.33
Alaska,3,2020,Spirits,73276,12.43,,,6,12.29,11.45,10.89,12.06,46.69
Alaska,3,2020,Wine,26087,4.43,,,7,9.13,10.29,10.9,,30.32
Alaska,3,2020,Beer,48015,8.15,,,8,10.89,11.23,11.23,,33.35
Alaska,4,2020,Spirits,56477,9.58,,,9,9.92,9.25,10.02,,29.19
Alaska,4,2020,Wine,22370,3.79,,,10,12.05,12.34,13.06,,37.45
Alaska,4,2020,Beer,46318,7.86,,,11,12.05,12.41,12.29,,36.75
Alaska,5,2020,Spirits,66926,11.35,,,12,14.09,11.25,14.89,,40.23
Alaska,5,2020,Wine,24801,4.21,,,Massachusetts,257.7,255.85,256.58,123.2,893.33
Alaska,5,2020,Beer,59656,10.12,,,1,12.99,14.29,14.71,15.42,57.41
Alaska,6,2020,Spirits,67804,11.5,,,2,16.13,16.29,15.87,16.68,64.97
Alaska,6,2020,Wine,27926,4.74,,,3,22.71,20.49,19.08,20.34,82.62
Alaska,6,2020,Beer,61865,10.49,,,4,20.17,20.33,20.57,21.48,82.55
Arkansas,1,2017,Spirits,165586,6.74,,,5,23.99,23.73,25.05,20.52,93.29
Arkansas,1,2017,Wine,58236,2.37,,,6,30.4,29.17,27.37,28.76,115.7
Arkansas,1,2017,Beer,153009,6.23,,,7,18.36,19.14,20.95,,58.45
Arkansas,2,2017,Spirits,105913,4.31,,,8,22.38,22.61,22.93,,67.92
Arkansas,2,2017,Wine,40011,1.63,,,9,21.68,20.92,19.68,,62.28
Arkansas,2,2017,Beer,158764,6.47,,,10,19.87,21.79,23.04,,64.7
Arkansas,3,2017,Spirits,118781,4.84,,,11,22.03,21.16,20.05,,63.24
Arkansas,3,2017,Wine,39087,1.59,,,12,26.99,25.93,27.28,,80.2
Arkansas,3,2017,Beer,169689,6.91,,,Missouri,253.28,251.12,255.81,128.07,888.28
Arkansas,4,2017,Spirits,134302,5.47,,,1,16.12,16.02,17.6,17.29,67.03
Arkansas,4,2017,Wine,47630,1.94,,,2,19.21,17.98,13.62,18.7,69.51
Arkansas,4,2017,Beer,184745,7.53,,,3,22.05,20.8,25.43,22.6,90.88
Arkansas,5,2017,Spirits,119635,4.87,,,4,20.48,21.19,21.99,22.12,85.78
Arkansas,5,2017,Wine,41613,1.7,,,5,22.76,23.12,24.02,21.92,91.82
Arkansas,5,2017,Beer,197455,8.04,,,6,24.21,23.17,22.96,25.44,95.78
Arkansas,6,2017,Spirits,134789,5.49,,,7,19.66,20.59,21.11,,61.36
Arkansas,6,2017,Wine,42600,1.74,,,8,22.3,23.62,21.2,,67.12
Arkansas,6,2017,Beer,219354,8.93,,,9,22.6,20.95,21.74,,65.29
Arkansas,7,2017,Spirits,158511,6.46,,,10,21.36,22.54,21.95,,65.85
Arkansas,7,2017,Wine,47161,1.92,,,11,22.05,21.45,22.16,,65.66
Arkansas,7,2017,Beer,219406,8.94,,,12,20.48,19.69,22.03,,62.2
Arkansas,8,2017,Spirits,116702,4.75,,,North Dakota,315.14,317.26,318.61,157.33,1108.34
Arkansas,8,2017,Wine,40599,1.65,,,1,21.2,22.47,22.22,22.11,88
Arkansas,8,2017,Beer,200128,8.15,,,2,22.4,21.67,21.37,22.02,87.46
Arkansas,9,2017,Spirits,151398,6.17,,,3,25.24,24.28,24.67,28.05,102.24
Arkansas,9,2017,Wine,43750,1.78,,,4,26.58,26.54,28.19,25.45,106.76
Arkansas,9,2017,Beer,217917,8.88,,,5,30.02,29.09,28.33,25.92,113.36
Arkansas,10,2017,Spirits,125104,5.1,,,6,32.67,33.83,30.89,33.78,131.17
Arkansas,10,2017,Wine,42540,1.73,,,7,26.28,27.28,29.11,,82.67
Arkansas,10,2017,Beer,191956,7.82,,,8,28.04,26.85,27.2,,82.09
Arkansas,11,2017,Spirits,154462,6.29,,,9,23.37,23.16,25.47,,72
Arkansas,11,2017,Wine,57449,2.34,,,10,25.46,26.54,25.38,,77.38
Arkansas,11,2017,Beer,192734,7.85,,,11,27.37,25.68,24.74,,77.79
Arkansas,12,2017,Spirits,153625,6.26,,,12,26.51,29.87,31.04,,87.42
Arkansas,12,2017,Wine,58647,2.39,,,Oregon,183.14,178.93,173.55,79.34,614.96
Arkansas,12,2017,Beer,159974,6.52,,,1,13.37,12.45,14.16,13.22,53.2
Arkansas,1,2018,Spirits,133187,5.4,,,2,12.55,13.59,12.41,13.21,51.76
Arkansas,1,2018,Wine,59547,2.42,,,3,13.86,11.12,11.18,9.39,45.55
Arkansas,1,2018,Beer,154479,6.27,,,4,17.04,13.59,15.84,14.06,60.53
Arkansas,2,2018,Spirits,108309,4.39,,,5,13.49,14.88,15.76,14.98,59.11
Arkansas,2,2018,Wine,52351,2.12,,,6,16.28,15.88,14.1,14.48,60.74
Arkansas,2,2018,Beer,133500,5.42,,,7,18.21,18.94,16.84,,53.99
Arkansas,3,2018,Spirits,127275,5.16,,,8,16.34,17.09,14.68,,48.11
Arkansas,3,2018,Wine,35343,1.43,,,9,18.27,18.08,17.28,,53.63
Arkansas,3,2018,Beer,172212,6.99,,,10,15.82,14.95,14.67,,45.44
Arkansas,4,2018,Spirits,143676,5.83,,,11,13.78,14.5,13.02,,41.3
Arkansas,4,2018,Wine,50151,2.03,,,12,14.13,13.86,13.61,,41.6
Arkansas,4,2018,Beer,192526,7.81,,,Texas,234.09,226.27,227.77,117.91,806.04
Arkansas,5,2018,Spirits,141942,5.76,,,1,21.47,20.13,20.91,22.41,84.92
Arkansas,5,2018,Wine,49846,2.02,,,2,16.49,16.02,16.85,17.12,66.48
Arkansas,5,2018,Beer,187597,7.61,,,3,15.93,15.72,15.74,15.16,62.55
Arkansas,6,2018,Spirits,146683,5.95,,,4,19.67,19.96,17.7,20.94,78.27
Arkansas,6,2018,Wine,49811,2.02,,,5,18.43,17.76,19.65,20.05,75.89
Arkansas,6,2018,Beer,196146,7.96,,,6,21.18,21.55,21.32,22.23,86.28
Arkansas,7,2018,Spirits,131967,5.35,,,7,21.04,19.81,19,,59.85
Arkansas,7,2018,Wine,52807,2.14,,,8,18.51,19.39,20.21,,58.11
Arkansas,7,2018,Beer,202915,8.23,,,9,18.94,20.13,20.01,,59.08
Arkansas,8,2018,Spirits,103846,4.21,,,10,19.32,16.76,17.26,,53.34
Arkansas,8,2018,Wine,38313,1.55,,,11,19.37,19.31,20.02,,58.7
Arkansas,8,2018,Beer,224585,9.11,,,12,23.74,19.73,19.1,,62.57
Arkansas,9,2018,Spirits,142126,5.77,,,Virginia,212.67,213.88,216.02,99.6,742.17
Arkansas,9,2018,Wine,44833,1.82,,,1,14.78,15.03,15.74,16,61.55
Arkansas,9,2018,Beer,215285,8.73,,,2,14.95,14.78,14.85,15.22,59.8
Arkansas,10,2018,Spirits,122497,4.97,,,3,17.47,17.23,16.54,19.24,70.48
Arkansas,10,2018,Wine,45954,1.86,,,4,16.7,16.64,17.73,18.11,69.18
Arkansas,10,2018,Beer,180185,7.31,,,5,19.28,19.78,20.13,20.03,79.22
Arkansas,11,2018,Spirits,147314,5.98,,,6,19.57,18.82,18.02,11,67.41
Arkansas,11,2018,Wine,46433,1.88,,,7,17.38,18.01,18.91,,54.3
Arkansas,11,2018,Beer,197120,8,,,8,19.16,19.59,19.32,,58.07
Arkansas,12,2018,Spirits,141773,5.75,,,9,17.35,17.35,17.01,,51.71
Arkansas,12,2018,Wine,53967,2.19,,,10,17.76,17.89,18.75,,54.4
Arkansas,12,2018,Beer,163161,6.62,,,11,18.43,18.92,18.6,,55.95
Arkansas,1,2019,Spirits,143719,5.8,,,12,19.84,19.84,20.42,,60.1
Arkansas,1,2019,Wine,46574,1.88,,,Wisconsin,166.03,164.28,168.03,80.46,578.8
Arkansas,1,2019,Beer,116472,4.7,,,1,15.3,14.91,15.86,16.2,62.27
Arkansas,2,2019,Spirits,121047,4.89,,,2,10.3,8.8,11.59,11.87,42.56
Arkansas,2,2019,Wine,54572,2.2,,,3,10.6,14.36,11.69,10.8,47.45
Arkansas,2,2019,Beer,169511,6.85,,,4,15.48,10.34,11.26,14.67,51.75
Arkansas,3,2019,Spirits,142334,5.75,,,5,12.02,15.3,12.72,12.88,52.92
Arkansas,3,2019,Wine,45884,1.85,,,6,15.6,15.13,15.71,14.04,60.48
Arkansas,3,2019,Beer,150820,6.09,,,7,16.81,13.78,16.74,,47.33
Arkansas,4,2019,Spirits,160618,6.49,,,8,11.01,14.85,13.27,,39.13
Arkansas,4,2019,Wine,52904,2.14,,,9,13.84,14.96,13.31,,42.11
Arkansas,4,2019,Beer,176747,7.14,,,10,12.74,13.23,15.5,,41.47
Arkansas,5,2019,Spirits,130988,5.29,,,11,17.49,16.43,16.38,,50.3
Arkansas,5,2019,Wine,53853,2.17,,,12,14.84,12.19,14,,41.03
Arkansas,5,2019,Beer,175198,7.08,,,Grand Total,3624.2,3606.92,3637.43,1708.73,12577.28
Arkansas,6,2019,Spirits,168156,6.79,,,,,,,,
Arkansas,6,2019,Wine,53494,2.16,,,,,,,,
Arkansas,6,2019,Beer,221077,8.93,,,,,,,,
Arkansas,7,2019,Spirits,129611,5.23,,,,,,,,
Arkansas,7,2019,Wine,49012,1.98,,,,,,,,
Arkansas,7,2019,Beer,190735,7.7,,,,,,,,
Arkansas,8,2019,Spirits,121852,4.92,,,,,,,,
Arkansas,8,2019,Wine,42551,1.72,,,,,,,,
Arkansas,8,2019,Beer,197197,7.96,,,,,,,,
Arkansas,9,2019,Spirits,127033,5.13,,,,,,,,
Arkansas,9,2019,Wine,41187,1.66,,,,,,,,
Arkansas,9,2019,Beer,199458,8.06,,,,,,,,
Arkansas,10,2019,Spirits,142600,5.76,,,,,,,,
Arkansas,10,2019,Wine,40566,1.64,,,,,,,,
Arkansas,10,2019,Beer,205787,8.31,,,,,,,,
Arkansas,11,2019,Spirits,183515,7.41,,,,,,,,
Arkansas,11,2019,Wine,53608,2.17,,,,,,,,
Arkansas,11,2019,Beer,192113,7.76,,,,,,,,
Arkansas,12,2019,Spirits,168261,6.8,,,,,,,,
Arkansas,12,2019,Wine,49695,2.01,,,,,,,,
Arkansas,12,2019,Beer,156961,6.34,,,,,,,,
Arkansas,1,2020,Spirits,133955,5.41,,,,,,,,
Arkansas,1,2020,Wine,55650,2.25,,,,,,,,
Arkansas,1,2020,Beer,137573,5.56,,,,,,,,
Arkansas,2,2020,Spirits,123075,4.97,,,,,,,,
Arkansas,2,2020,Wine,45352,1.83,,,,,,,,
Arkansas,2,2020,Beer,154463,6.24,,,,,,,,
Arkansas,3,2020,Spirits,130426,5.27,,,,,,,,
Arkansas,3,2020,Wine,43576,1.76,,,,,,,,
Arkansas,3,2020,Beer,145589,5.88,,,,,,,,
Arkansas,4,2020,Spirits,146139,5.9,,,,,,,,
Arkansas,4,2020,Wine,54066,2.18,,,,,,,,
Arkansas,4,2020,Beer,187381,7.57,,,,,,,,
Arkansas,5,2020,Spirits,160008,6.46,,,,,,,,
Arkansas,5,2020,Wine,59386,2.4,,,,,,,,
Arkansas,5,2020,Beer,205235,8.29,,,,,,,,
Arkansas,6,2020,Spirits,165750,6.69,,,,,,,,
Arkansas,6,2020,Wine,52474,2.12,,,,,,,,
Arkansas,6,2020,Beer,193281,7.81,,,,,,,,
Colorado,1,2017,Spirits,301615,6.51,,,,,,,,
Colorado,1,2017,Wine,147961,3.19,,,,,,,,
Colorado,1,2017,Beer,368146,7.94,,,,,,,,
Colorado,2,2017,Spirits,382023,8.24,,,,,,,,
Colorado,2,2017,Wine,191270,4.13,,,,,,,,
Colorado,2,2017,Beer,358632,7.74,,,,,,,,
Colorado,3,2017,Spirits,474470,10.24,,,,,,,,
Colorado,3,2017,Wine,195612,4.22,,,,,,,,
Colorado,3,2017,Beer,443169,9.56,,,,,,,,
Colorado,4,2017,Spirits,388608,8.39,,,,,,,,
Colorado,4,2017,Wine,177513,3.83,,,,,,,,
Colorado,4,2017,Beer,402741,8.69,,,,,,,,
Colorado,5,2017,Spirits,483545,10.43,,,,,,,,
Colorado,5,2017,Wine,197129,4.25,,,,,,,,
Colorado,5,2017,Beer,480823,10.38,,,,,,,,
Colorado,6,2017,Spirits,591260,12.76,,,,,,,,
Colorado,6,2017,Wine,220427,4.76,,,,,,,,
Colorado,6,2017,Beer,561407,12.11,,,,,,,,
Colorado,7,2017,Spirits,383797,8.28,,,,,,,,
Colorado,7,2017,Wine,172350,3.72,,,,,,,,
Colorado,7,2017,Beer,465644,10.05,,,,,,,,
Colorado,8,2017,Spirits,494539,10.67,,,,,,,,
Colorado,8,2017,Wine,218514,4.72,,,,,,,,
Colorado,8,2017,Beer,537962,11.61,,,,,,,,
Colorado,9,2017,Spirits,433628,9.36,,,,,,,,
Colorado,9,2017,Wine,176028,3.8,,,,,,,,
Colorado,9,2017,Beer,447429,9.65,,,,,,,,
Colorado,10,2017,Spirits,436085,9.41,,,,,,,,
Colorado,10,2017,Wine,206278,4.45,,,,,,,,
Colorado,10,2017,Beer,403754,8.71,,,,,,,,
Colorado,11,2017,Spirits,492659,10.63,,,,,,,,
Colorado,11,2017,Wine,225626,4.87,,,,,,,,
Colorado,11,2017,Beer,419155,9.04,,,,,,,,
Colorado,12,2017,Spirits,646135,13.94,,,,,,,,
Colorado,12,2017,Wine,255828,5.52,,,,,,,,
Colorado,12,2017,Beer,402324,8.68,,,,,,,,
Colorado,1,2018,Spirits,336126,7.13,,,,,,,,
Colorado,1,2018,Wine,156069,3.31,,,,,,,,
Colorado,1,2018,Beer,369988,7.85,,,,,,,,
Colorado,2,2018,Spirits,388788,8.24,,,,,,,,
Colorado,2,2018,Wine,191976,4.07,,,,,,,,
Colorado,2,2018,Beer,343692,7.29,,,,,,,,
Colorado,3,2018,Spirits,463566,9.83,,,,,,,,
Colorado,3,2018,Wine,188622,4,,,,,,,,
Colorado,3,2018,Beer,408455,8.66,,,,,,,,
Colorado,4,2018,Spirits,404253,8.57,,,,,,,,
Colorado,4,2018,Wine,176337,3.74,,,,,,,,
Colorado,4,2018,Beer,417776,8.86,,,,,,,,
Colorado,5,2018,Spirits,526188,11.16,,,,,,,,
Colorado,5,2018,Wine,208957,4.43,,,,,,,,
Colorado,5,2018,Beer,512621,10.87,,,,,,,,
Colorado,6,2018,Spirits,593124,12.58,,,,,,,,
Colorado,6,2018,Wine,212610,4.51,,,,,,,,
Colorado,6,2018,Beer,546352,11.59,,,,,,,,
Colorado,7,2018,Spirits,444594,9.43,,,,,,,,
Colorado,7,2018,Wine,187976,3.99,,,,,,,,
Colorado,7,2018,Beer,508523,10.78,,,,,,,,
Colorado,8,2018,Spirits,520124,11.03,,,,,,,,
Colorado,8,2018,Wine,234915,4.98,,,,,,,,
Colorado,8,2018,Beer,558900,11.85,,,,,,,,
Colorado,9,2018,Spirits,431343,9.15,,,,,,,,
Colorado,9,2018,Wine,173930,3.69,,,,,,,,
Colorado,9,2018,Beer,445498,9.45,,,,,,,,
Colorado,10,2018,Spirits,495193,10.5,,,,,,,,
Colorado,10,2018,Wine,214525,4.55,,,,,,,,
Colorado,10,2018,Beer,422793,8.97,,,,,,,,
Colorado,11,2018,Spirits,513954,10.9,,,,,,,,
Colorado,11,2018,Wine,233078,4.94,,,,,,,,
Colorado,11,2018,Beer,417940,8.86,,,,,,,,
Colorado,12,2018,Spirits,666649,14.14,,,,,,,,
Colorado,12,2018,Wine,256549,5.44,,,,,,,,
Colorado,12,2018,Beer,414575,8.79,,,,,,,,
Colorado,1,2019,Spirits,365585,7.63,,,,,,,,
Colorado,1,2019,Wine,163185,3.41,,,,,,,,
Colorado,1,2019,Beer,444159,9.27,,,,,,,,
Colorado,2,2019,Spirits,408740,8.53,,,,,,,,
Colorado,2,2019,Wine,194764,4.07,,,,,,,,
Colorado,2,2019,Beer,354141,7.39,,,,,,,,
Colorado,3,2019,Spirits,484692,10.12,,,,,,,,
Colorado,3,2019,Wine,188030,3.93,,,,,,,,
Colorado,3,2019,Beer,411489,8.59,,,,,,,,
Colorado,4,2019,Spirits,443880,9.27,,,,,,,,
Colorado,4,2019,Wine,183128,3.82,,,,,,,,
Colorado,4,2019,Beer,464585,9.7,,,,,,,,
Colorado,5,2019,Spirits,284741,5.95,,,,,,,,
Colorado,5,2019,Wine,146093,3.05,,,,,,,,
Colorado,5,2019,Beer,505670,10.56,,,,,,,,
Colorado,6,2019,Spirits,599731,12.52,,,,,,,,
Colorado,6,2019,Wine,198273,4.14,,,,,,,,
Colorado,6,2019,Beer,525699,10.98,,,,,,,,
Colorado,7,2019,Spirits,470020,9.81,,,,,,,,
Colorado,7,2019,Wine,202375,4.23,,,,,,,,
Colorado,7,2019,Beer,539510,11.26,,,,,,,,
Colorado,8,2019,Spirits,517531,10.81,,,,,,,,
Colorado,8,2019,Wine,198557,4.15,,,,,,,,
Colorado,8,2019,Beer,566168,11.82,,,,,,,,
Colorado,9,2019,Spirits,454443,9.49,,,,,,,,
Colorado,9,2019,Wine,171493,3.58,,,,,,,,
Colorado,9,2019,Beer,475862,9.94,,,,,,,,
Colorado,10,2019,Spirits,520244,10.86,,,,,,,,
Colorado,10,2019,Wine,222357,4.64,,,,,,,,
Colorado,10,2019,Beer,466317,9.74,,,,,,,,
Colorado,11,2019,Spirits,438208,9.15,,,,,,,,
Colorado,11,2019,Wine,205497,4.29,,,,,,,,
Colorado,11,2019,Beer,419697,8.76,,,,,,,,
Colorado,12,2019,Spirits,484117,10.11,,,,,,,,
Colorado,12,2019,Wine,193126,4.03,,,,,,,,
Colorado,12,2019,Beer,427653,8.93,,,,,,,,
Colorado,1,2020,Spirits,368544,7.7,,,,,,,,
Colorado,1,2020,Wine,163095,3.41,,,,,,,,
Colorado,1,2020,Beer,401144,8.38,,,,,,,,
Colorado,2,2020,Spirits,418275,8.73,,,,,,,,
Colorado,2,2020,Wine,185554,3.87,,,,,,,,
Colorado,2,2020,Beer,352940,7.37,,,,,,,,
Colorado,3,2020,Spirits,563111,11.76,,,,,,,,
Colorado,3,2020,Wine,222628,4.65,,,,,,,,
Colorado,3,2020,Beer,463734,9.68,,,,,,,,
Colorado,4,2020,Spirits,487857,10.19,,,,,,,,
Colorado,4,2020,Wine,185167,3.87,,,,,,,,
Colorado,4,2020,Beer,411066,8.58,,,,,,,,
Colorado,5,2020,Spirits,520984,10.88,,,,,,,,
Colorado,5,2020,Wine,185902,3.88,,,,,,,,
Colorado,5,2020,Beer,505188,10.55,,,,,,,,
Connecticut,1,2017,Spirits,169373,5.62,,,,,,,,
Connecticut,1,2017,Wine,102520,3.4,,,,,,,,
Connecticut,1,2017,Beer,155251,5.15,,,,,,,,
Connecticut,2,2017,Spirits,237533,7.88,,,,,,,,
Connecticut,2,2017,Wine,131972,4.38,,,,,,,,
Connecticut,2,2017,Beer,160194,5.31,,,,,,,,
Connecticut,3,2017,Spirits,238969,7.92,,,,,,,,
Connecticut,3,2017,Wine,167437,5.55,,,,,,,,
Connecticut,3,2017,Beer,193183,6.41,,,,,,,,
Connecticut,4,2017,Spirits,218000,7.23,,,,,,,,
Connecticut,4,2017,Wine,138120,4.58,,,,,,,,
Connecticut,4,2017,Beer,194802,6.46,,,,,,,,
Connecticut,5,2017,Spirits,266423,8.84,,,,,,,,
Connecticut,5,2017,Wine,153124,5.08,,,,,,,,
Connecticut,5,2017,Beer,234447,7.77,,,,,,,,
Connecticut,6,2017,Spirits,315753,10.47,,,,,,,,
Connecticut,6,2017,Wine,167489,5.55,,,,,,,,
Connecticut,6,2017,Beer,267892,8.88,,,,,,,,
Connecticut,7,2017,Spirits,235901,7.82,,,,,,,,
Connecticut,7,2017,Wine,142408,4.72,,,,,,,,
Connecticut,7,2017,Beer,222988,7.39,,,,,,,,
Connecticut,8,2017,Spirits,220835,7.32,,,,,,,,
Connecticut,8,2017,Wine,137931,4.57,,,,,,,,
Connecticut,8,2017,Beer,256051,8.49,,,,,,,,
Connecticut,9,2017,Spirits,223091,7.4,,,,,,,,
Connecticut,9,2017,Wine,137358,4.56,,,,,,,,
Connecticut,9,2017,Beer,211723,7.02,,,,,,,,
Connecticut,10,2017,Spirits,321352,10.66,,,,,,,,
Connecticut,10,2017,Wine,176972,5.87,,,,,,,,
Connecticut,10,2017,Beer,190022,6.3,,,,,,,,
Connecticut,11,2017,Spirits,280664,9.31,,,,,,,,
Connecticut,11,2017,Wine,186162,6.17,,,,,,,,
Connecticut,11,2017,Beer,191063,6.34,,,,,,,,
Connecticut,12,2017,Spirits,243436,8.07,,,,,,,,
Connecticut,12,2017,Wine,175353,5.82,,,,,,,,
Connecticut,12,2017,Beer,195039,6.47,,,,,,,,
Connecticut,1,2018,Spirits,185030,6.13,,,,,,,,
Connecticut,1,2018,Wine,113165,3.75,,,,,,,,
Connecticut,1,2018,Beer,156397,5.18,,,,,,,,
Connecticut,2,2018,Spirits,239377,7.93,,,,,,,,
Connecticut,2,2018,Wine,140085,4.64,,,,,,,,
Connecticut,2,2018,Beer,156486,5.18,,,,,,,,
Connecticut,3,2018,Spirits,238873,7.91,,,,,,,,
Connecticut,3,2018,Wine,151400,5.01,,,,,,,,
Connecticut,3,2018,Beer,182357,6.04,,,,,,,,
Connecticut,4,2018,Spirits,237436,7.86,,,,,,,,
Connecticut,4,2018,Wine,135020,4.47,,,,,,,,
Connecticut,4,2018,Beer,184006,6.09,,,,,,,,
Connecticut,5,2018,Spirits,267882,8.87,,,,,,,,
Connecticut,5,2018,Wine,157170,5.21,,,,,,,,
Connecticut,5,2018,Beer,238154,7.89,,,,,,,,
Connecticut,6,2018,Spirits,298380,9.88,,,,,,,,
Connecticut,6,2018,Wine,158062,5.24,,,,,,,,
Connecticut,6,2018,Beer,248665,8.24,,,,,,,,
Connecticut,7,2018,Spirits,263800,8.74,,,,,,,,
Connecticut,7,2018,Wine,147097,4.87,,,,,,,,
Connecticut,7,2018,Beer,231096,7.65,,,,,,,,
Connecticut,8,2018,Spirits,226343,7.5,,,,,,,,
Connecticut,8,2018,Wine,136854,4.53,,,,,,,,
Connecticut,8,2018,Beer,251881,8.34,,,,,,,,
Connecticut,9,2018,Spirits,220342,7.3,,,,,,,,
Connecticut,9,2018,Wine,130861,4.33,,,,,,,,
Connecticut,9,2018,Beer,191612,6.35,,,,,,,,
Connecticut,10,2018,Spirits,329823,10.92,,,,,,,,
Connecticut,10,2018,Wine,177707,5.89,,,,,,,,
Connecticut,10,2018,Beer,190046,6.29,,,,,,,,
Connecticut,11,2018,Spirits,293870,9.73,,,,,,,,
Connecticut,11,2018,Wine,179438,5.94,,,,,,,,
Connecticut,11,2018,Beer,182726,6.05,,,,,,,,
Connecticut,12,2018,Spirits,252690,8.37,,,,,,,,
Connecticut,12,2018,Wine,171703,5.69,,,,,,,,
Connecticut,12,2018,Beer,194485,6.44,,,,,,,,
Connecticut,1,2019,Spirits,252690,8.37,,,,,,,,
Connecticut,1,2019,Wine,171703,5.69,,,,,,,,
Connecticut,1,2019,Beer,194485,6.44,,,,,,,,
Connecticut,2,2019,Spirits,251946,8.34,,,,,,,,
Connecticut,2,2019,Wine,125064,4.14,,,,,,,,
Connecticut,2,2019,Beer,146445,4.85,,,,,,,,
Connecticut,3,2019,Spirits,229812,7.61,,,,,,,,
Connecticut,3,2019,Wine,143239,4.74,,,,,,,,
Connecticut,3,2019,Beer,175885,5.83,,,,,,,,
Connecticut,4,2019,Spirits,254701,8.44,,,,,,,,
Connecticut,4,2019,Wine,140983,4.67,,,,,,,,
Connecticut,4,2019,Beer,194294,6.44,,,,,,,,
Connecticut,5,2019,Spirits,280678,9.3,,,,,,,,
Connecticut,5,2019,Wine,150565,4.99,,,,,,,,
Connecticut,5,2019,Beer,231191,7.66,,,,,,,,
Connecticut,6,2019,Spirits,283207,9.38,,,,,,,,
Connecticut,6,2019,Wine,153029,5.07,,,,,,,,
Connecticut,6,2019,Beer,227248,7.53,,,,,,,,
Connecticut,7,2019,Spirits,272957,9.04,,,,,,,,
Connecticut,7,2019,Wine,143362,4.75,,,,,,,,
Connecticut,7,2019,Beer,252228,8.35,,,,,,,,
Connecticut,8,2019,Spirits,237043,7.85,,,,,,,,
Connecticut,8,2019,Wine,132489,4.39,,,,,,,,
Connecticut,8,2019,Beer,241012,7.98,,,,,,,,
Connecticut,9,2019,Spirits,257197,8.52,,,,,,,,
Connecticut,9,2019,Wine,122302,4.05,,,,,,,,
Connecticut,9,2019,Beer,188063,6.23,,,,,,,,
Connecticut,10,2019,Spirits,315674,10.46,,,,,,,,
Connecticut,10,2019,Wine,176539,5.85,,,,,,,,
Connecticut,10,2019,Beer,195592,6.48,,,,,,,,
Connecticut,11,2019,Spirits,297353,9.85,,,,,,,,
Connecticut,11,2019,Wine,177342,5.87,,,,,,,,
Connecticut,11,2019,Beer,183021,6.06,,,,,,,,
Connecticut,12,2019,Spirits,285178,9.45,,,,,,,,
Connecticut,12,2019,Wine,171714,5.69,,,,,,,,
Connecticut,12,2019,Beer,202486,6.71,,,,,,,,
Connecticut,1,2020,Spirits,269886,8.94,,,,,,,,
Connecticut,1,2020,Wine,171461,5.68,,,,,,,,
Connecticut,1,2020,Beer,193117,6.4,,,,,,,,
Connecticut,2,2020,Spirits,255098,8.45,,,,,,,,
Connecticut,2,2020,Wine,117996,3.91,,,,,,,,
Connecticut,2,2020,Beer,148211,4.91,,,,,,,,
Connecticut,3,2020,Spirits,259184,8.58,,,,,,,,
Connecticut,3,2020,Wine,162915,5.4,,,,,,,,
Connecticut,3,2020,Beer,182565,6.05,,,,,,,,
Connecticut,4,2020,Spirits,221183,7.33,,,,,,,,
Connecticut,4,2020,Wine,128637,4.26,,,,,,,,
Connecticut,4,2020,Beer,164406,5.45,,,,,,,,
Florida,1,2017,Spirits,1138752,6.43,,,,,,,,
Florida,1,2017,Wine,736068,4.15,,,,,,,,
Florida,1,2017,Beer,1359914,7.67,,,,,,,,
Florida,2,2017,Spirits,1407178,7.94,,,,,,,,
Florida,2,2017,Wine,820461,4.63,,,,,,,,
Florida,2,2017,Beer,1428161,8.06,,,,,,,,
Florida,3,2017,Spirits,1733278,9.78,,,,,,,,
Florida,3,2017,Wine,929590,5.25,,,,,,,,
Florida,3,2017,Beer,1819369,10.27,,,,,,,,
Florida,4,2017,Spirits,1323471,7.47,,,,,,,,
Florida,4,2017,Wine,769871,4.34,,,,,,,,
Florida,4,2017,Beer,1612246,9.1,,,,,,,,
Florida,5,2017,Spirits,1611285,9.09,,,,,,,,
Florida,5,2017,Wine,729941,4.12,,,,,,,,
Florida,5,2017,Beer,1732001,9.77,,,,,,,,
Florida,6,2017,Spirits,1891872,10.68,,,,,,,,
Florida,6,2017,Wine,735562,4.15,,,,,,,,
Florida,6,2017,Beer,1643452,9.27,,,,,,,,
Florida,7,2017,Spirits,1116694,6.3,,,,,,,,
Florida,7,2017,Wine,568624,3.21,,,,,,,,
Florida,7,2017,Beer,1457466,8.22,,,,,,,,
Florida,8,2017,Spirits,1394408,7.87,,,,,,,,
Florida,8,2017,Wine,754895,4.26,,,,,,,,
Florida,8,2017,Beer,1712901,9.67,,,,,,,,
Florida,9,2017,Spirits,1153296,6.51,,,,,,,,
Florida,9,2017,Wine,569997,3.22,,,,,,,,
Florida,9,2017,Beer,1462187,8.25,,,,,,,,
Florida,10,2017,Spirits,1644048,9.28,,,,,,,,
Florida,10,2017,Wine,843762,4.76,,,,,,,,
Florida,10,2017,Beer,1522546,8.59,,,,,,,,
Florida,11,2017,Spirits,1644497,9.28,,,,,,,,
Florida,11,2017,Wine,938838,5.3,,,,,,,,
Florida,11,2017,Beer,1591777,8.98,,,,,,,,
Florida,12,2017,Spirits,2326231,13.13,,,,,,,,
Florida,12,2017,Wine,904268,5.1,,,,,,,,
Florida,12,2017,Beer,1631385,9.21,,,,,,,,
Florida,1,2018,Spirits,1245453,6.93,,,,,,,,
Florida,1,2018,Wine,785126,4.37,,,,,,,,
Florida,1,2018,Beer,1388555,7.72,,,,,,,,
Florida,2,2018,Spirits,1382215,7.69,,,,,,,,
Florida,2,2018,Wine,802713,4.46,,,,,,,,
Florida,2,2018,Beer,1442754,8.02,,,,,,,,
Florida,3,2018,Spirits,1746057,9.71,,,,,,,,
Florida,3,2018,Wine,860714,4.79,,,,,,,,
Florida,3,2018,Beer,1798273,10,,,,,,,,
Florida,4,2018,Spirits,1316347,7.32,,,,,,,,
Florida,4,2018,Wine,756541,4.21,,,,,,,,
Florida,4,2018,Beer,1538907,8.56,,,,,,,,
Florida,5,2018,Spirits,1824195,10.15,,,,,,,,
Florida,5,2018,Wine,808772,4.5,,,,,,,,
Florida,5,2018,Beer,1719218,9.56,,,,,,,,
Florida,6,2018,Spirits,1872797,10.42,,,,,,,,
Florida,6,2018,Wine,682137,3.79,,,,,,,,
Florida,6,2018,Beer,1633520,9.08,,,,,,,,
Florida,7,2018,Spirits,1225551,6.82,,,,,,,,
Florida,7,2018,Wine,657749,3.66,,,,,,,,
Florida,7,2018,Beer,1513410,8.42,,,,,,,,
Florida,8,2018,Spirits,1396521,7.77,,,,,,,,
Florida,8,2018,Wine,747160,4.16,,,,,,,,
Florida,8,2018,Beer,1714860,9.54,,,,,,,,
Florida,9,2018,Spirits,1227648,6.83,,,,,,,,
Florida,9,2018,Wine,596902,3.32,,,,,,,,
Florida,9,2018,Beer,1356526,7.54,,,,,,,,
Florida,10,2018,Spirits,1668680,9.28,,,,,,,,
Florida,10,2018,Wine,848551,4.72,,,,,,,,
Florida,10,2018,Beer,1548321,8.61,,,,,,,,
Florida,11,2018,Spirits,1672826,9.3,,,,,,,,
Florida,11,2018,Wine,903332,5.02,,,,,,,,
Florida,11,2018,Beer,1650676,9.18,,,,,,,,
Florida,12,2018,Spirits,2232884,12.42,,,,,,,,
Florida,12,2018,Wine,924553,5.14,,,,,,,,
Florida,12,2018,Beer,1601217,8.91,,,,,,,,
Florida,1,2019,Spirits,1348697,7.41,,,,,,,,
Florida,1,2019,Wine,819403,4.5,,,,,,,,
Florida,1,2019,Beer,1464090,8.04,,,,,,,,
Florida,2,2019,Spirits,1433429,7.87,,,,,,,,
Florida,2,2019,Wine,819451,4.5,,,,,,,,
Florida,2,2019,Beer,1430314,7.86,,,,,,,,
Florida,3,2019,Spirits,1875541,10.3,,,,,,,,
Florida,3,2019,Wine,825764,4.54,,,,,,,,
Florida,3,2019,Beer,1725195,9.48,,,,,,,,
Florida,4,2019,Spirits,1636061,8.99,,,,,,,,
Florida,4,2019,Wine,825742,4.54,,,,,,,,
Florida,4,2019,Beer,1643040,9.02,,,,,,,,
Florida,5,2019,Spirits,1633806,8.97,,,,,,,,
Florida,5,2019,Wine,754917,4.15,,,,,,,,
Florida,5,2019,Beer,1795631,9.86,,,,,,,,
Florida,6,2019,Spirits,1857997,10.2,,,,,,,,
Florida,6,2019,Wine,679827,3.73,,,,,,,,
Florida,6,2019,Beer,1566999,8.61,,,,,,,,
Florida,7,2019,Spirits,1348207,7.4,,,,,,,,
Florida,7,2019,Wine,642137,3.53,,,,,,,,
Florida,7,2019,Beer,1611943,8.85,,,,,,,,
Florida,8,2019,Spirits,1430736,7.86,,,,,,,,
Florida,8,2019,Wine,703094,3.86,,,,,,,,
Florida,8,2019,Beer,1693331,9.3,,,,,,,,
Florida,9,2019,Spirits,1343622,7.38,,,,,,,,
Florida,9,2019,Wine,616981,3.39,,,,,,,,
Florida,9,2019,Beer,1355827,7.45,,,,,,,,
Florida,10,2019,Spirits,1807521,9.93,,,,,,,,
Florida,10,2019,Wine,861522,4.73,,,,,,,,
Florida,10,2019,Beer,1654790,9.09,,,,,,,,
Florida,11,2019,Spirits,1741210,9.56,,,,,,,,
Florida,11,2019,Wine,952212,5.23,,,,,,,,
Florida,11,2019,Beer,1557307,8.55,,,,,,,,
Florida,12,2019,Spirits,2394265,13.15,,,,,,,,
Florida,12,2019,Wine,957826,5.26,,,,,,,,
Florida,12,2019,Beer,1673678,9.19,,,,,,,,
Florida,1,2020,Spirits,1423536,7.82,,,,,,,,
Florida,1,2020,Wine,774290,4.25,,,,,,,,
Florida,1,2020,Beer,1541712,8.47,,,,,,,,
Florida,2,2020,Spirits,1531115,8.41,,,,,,,,
Florida,2,2020,Wine,898518,4.93,,,,,,,,
Florida,2,2020,Beer,1397338,7.67,,,,,,,,
Florida,3,2020,Spirits,2146372,11.79,,,,,,,,
Florida,3,2020,Wine,938888,5.16,,,,,,,,
Florida,3,2020,Beer,1753257,9.63,,,,,,,,
Florida,4,2020,Spirits,1438027,7.9,,,,,,,,
Florida,4,2020,Wine,755172,4.15,,,,,,,,
Florida,4,2020,Beer,1429488,7.85,,,,,,,,
Florida,5,2020,Spirits,1545339,8.49,,,,,,,,
Florida,5,2020,Wine,705053,3.87,,,,,,,,
Florida,5,2020,Beer,1681765,9.24,,,,,,,,
Florida,6,2020,Spirits,1980176,10.88,,,,,,,,
Florida,6,2020,Wine,767066,4.21,,,,,,,,
Florida,6,2020,Beer,1730414,9.5,,,,,,,,
Illinois,1,2017,Spirits,429348,4.07,,,,,,,,
Illinois,1,2017,Wine,272698,2.58,,,,,,,,
Illinois,1,2017,Beer,716525,6.79,,,,,,,,
Illinois,2,2017,Spirits,583291,5.53,,,,,,,,
Illinois,2,2017,Wine,333649,3.16,,,,,,,,
Illinois,2,2017,Beer,756099,7.16,,,,,,,,
Illinois,3,2017,Spirits,726247,6.88,,,,,,,,
Illinois,3,2017,Wine,387984,3.68,,,,,,,,
Illinois,3,2017,Beer,946462,8.97,,,,,,,,
Illinois,4,2017,Spirits,610879,5.79,,,,,,,,
Illinois,4,2017,Wine,348096,3.3,,,,,,,,
Illinois,4,2017,Beer,914762,8.67,,,,,,,,
Illinois,5,2017,Spirits,839733,7.95,,,,,,,,
Illinois,5,2017,Wine,412985,3.91,,,,,,,,
Illinois,5,2017,Beer,1130691,10.71,,,,,,,,
Illinois,6,2017,Spirits,969247,9.18,,,,,,,,
Illinois,6,2017,Wine,449843,4.26,,,,,,,,
Illinois,6,2017,Beer,1258559,11.92,,,,,,,,
Illinois,7,2017,Spirits,511665,4.85,,,,,,,,
Illinois,7,2017,Wine,313436,2.97,,,,,,,,
Illinois,7,2017,Beer,962817,9.12,,,,,,,,
Illinois,8,2017,Spirits,752971,7.13,,,,,,,,
Illinois,8,2017,Wine,435978,4.13,,,,,,,,
Illinois,8,2017,Beer,1201127,11.38,,,,,,,,
Illinois,9,2017,Spirits,666299,6.31,,,,,,,,
Illinois,9,2017,Wine,347116,3.29,,,,,,,,
Illinois,9,2017,Beer,963893,9.13,,,,,,,,
Illinois,10,2017,Spirits,779086,7.38,,,,,,,,
Illinois,10,2017,Wine,422007,4,,,,,,,,
Illinois,10,2017,Beer,916924,8.69,,,,,,,,
Illinois,11,2017,Spirits,831533,7.88,,,,,,,,
Illinois,11,2017,Wine,478465,4.53,,,,,,,,
Illinois,11,2017,Beer,904517,8.57,,,,,,,,
Illinois,12,2017,Spirits,1094431,10.37,,,,,,,,
Illinois,12,2017,Wine,538400,5.1,,,,,,,,
Illinois,12,2017,Beer,930655,8.82,,,,,,,,
Illinois,1,2018,Spirits,463274,4.4,,,,,,,,
Illinois,1,2018,Wine,293673,2.79,,,,,,,,
Illinois,1,2018,Beer,733135,6.96,,,,,,,,
Illinois,2,2018,Spirits,597226,5.67,,,,,,,,
Illinois,2,2018,Wine,348200,3.31,,,,,,,,
Illinois,2,2018,Beer,713107,6.77,,,,,,,,
Illinois,3,2018,Spirits,717139,6.81,,,,,,,,
Illinois,3,2018,Wine,366587,3.48,,,,,,,,
Illinois,3,2018,Beer,910718,8.65,,,,,,,,
Illinois,4,2018,Spirits,644336,6.12,,,,,,,,
Illinois,4,2018,Wine,353790,3.36,,,,,,,,
Illinois,4,2018,Beer,837870,7.95,,,,,,,,
Illinois,5,2018,Spirits,865775,8.22,,,,,,,,
Illinois,5,2018,Wine,443319,4.21,,,,,,,,
Illinois,5,2018,Beer,1218440,11.57,,,,,,,,
Illinois,6,2018,Spirits,945653,8.98,,,,,,,,
Illinois,6,2018,Wine,427060,4.05,,,,,,,,
Illinois,6,2018,Beer,1139716,10.82,,,,,,,,
Illinois,7,2018,Spirits,634204,6.02,,,,,,,,
Illinois,7,2018,Wine,359585,3.41,,,,,,,,
Illinois,7,2018,Beer,1030855,9.79,,,,,,,,
Illinois,8,2018,Spirits,761748,7.23,,,,,,,,
Illinois,8,2018,Wine,420716,3.99,,,,,,,,
Illinois,8,2018,Beer,1211993,11.51,,,,,,,,
Illinois,9,2018,Spirits,638557,6.06,,,,,,,,
Illinois,9,2018,Wine,328185,3.12,,,,,,,,
Illinois,9,2018,Beer,898731,8.53,,,,,,,,
Illinois,10,2018,Spirits,838175,7.96,,,,,,,,
Illinois,10,2018,Wine,452557,4.3,,,,,,,,
Illinois,10,2018,Beer,883372,8.39,,,,,,,,
Illinois,11,2018,Spirits,795840,7.56,,,,,,,,
Illinois,11,2018,Wine,461662,4.38,,,,,,,,
Illinois,11,2018,Beer,892216,8.47,,,,,,,,
Illinois,12,2018,Spirits,1091330,10.36,,,,,,,,
Illinois,12,2018,Wine,515275,4.89,,,,,,,,
Illinois,12,2018,Beer,932724,8.85,,,,,,,,
Illinois,1,2019,Spirits,461071,4.39,,,,,,,,
Illinois,1,2019,Wine,272966,2.6,,,,,,,,
Illinois,1,2019,Beer,704294,6.7,,,,,,,,
Illinois,2,2019,Spirits,634484,6.04,,,,,,,,
Illinois,2,2019,Wine,355060,3.38,,,,,,,,
Illinois,2,2019,Beer,731374,6.96,,,,,,,,
Illinois,3,2019,Spirits,715210,6.8,,,,,,,,
Illinois,3,2019,Wine,353356,3.36,,,,,,,,
Illinois,3,2019,Beer,831161,7.91,,,,,,,,
Illinois,4,2019,Spirits,725139,6.9,,,,,,,,
Illinois,4,2019,Wine,388191,3.69,,,,,,,,
Illinois,4,2019,Beer,919214,8.74,,,,,,,,
Illinois,5,2019,Spirits,829945,7.89,,,,,,,,
Illinois,5,2019,Wine,421464,4.01,,,,,,,,
Illinois,5,2019,Beer,1113209,10.59,,,,,,,,
Illinois,6,2019,Spirits,963302,9.16,,,,,,,,
Illinois,6,2019,Wine,430018,4.09,,,,,,,,
Illinois,6,2019,Beer,1059736,10.08,,,,,,,,
Illinois,7,2019,Spirits,651884,6.2,,,,,,,,
Illinois,7,2019,Wine,371423,3.53,,,,,,,,
Illinois,7,2019,Beer,1127111,10.72,,,,,,,,
Illinois,8,2019,Spirits,746568,7.1,,,,,,,,
Illinois,8,2019,Wine,385740,3.67,,,,,,,,
Illinois,8,2019,Beer,1158183,11.02,,,,,,,,
Illinois,9,2019,Spirits,723677,6.88,,,,,,,,
Illinois,9,2019,Wine,363524,3.46,,,,,,,,
Illinois,9,2019,Beer,886170,8.43,,,,,,,,
Illinois,10,2019,Spirits,852140,8.11,,,,,,,,
Illinois,10,2019,Wine,466298,4.44,,,,,,,,
Illinois,10,2019,Beer,938287,8.93,,,,,,,,
Illinois,11,2019,Spirits,787673,7.49,,,,,,,,
Illinois,11,2019,Wine,435762,4.15,,,,,,,,
Illinois,11,2019,Beer,859161,8.17,,,,,,,,
Illinois,12,2019,Spirits,1107279,10.53,,,,,,,,
Illinois,12,2019,Wine,551701,5.25,,,,,,,,
Illinois,12,2019,Beer,952960,9.07,,,,,,,,
Illinois,1,2020,Spirits,528950,5.03,,,,,,,,
Illinois,1,2020,Wine,303220,2.88,,,,,,,,
Illinois,1,2020,Beer,778366,7.4,,,,,,,,
Illinois,2,2020,Spirits,654331,6.22,,,,,,,,
Illinois,2,2020,Wine,342189,3.26,,,,,,,,
Illinois,2,2020,Beer,653075,6.21,,,,,,,,
Illinois,3,2020,Spirits,755154,7.18,,,,,,,,
Illinois,3,2020,Wine,408585,3.89,,,,,,,,
Illinois,3,2020,Beer,857698,8.16,,,,,,,,
Illinois,4,2020,Spirits,663382,6.31,,,,,,,,
Illinois,4,2020,Wine,393602,3.74,,,,,,,,
Illinois,4,2020,Beer,819741,7.8,,,,,,,,
Illinois,5,2020,Spirits,769949,7.32,,,,,,,,
Illinois,5,2020,Wine,388939,3.7,,,,,,,,
Illinois,5,2020,Beer,991072,9.43,,,,,,,,
Illinois,6,2020,Spirits,878915,8.36,,,,,,,,
Illinois,6,2020,Wine,428974,4.08,,,,,,,,
Illinois,6,2020,Beer,1145954,10.9,,,,,,,,
Kansas,1,2017,Spirits,159884,6.79,,,,,,,,
Kansas,1,2017,Beer,187831,7.97,,,,,,,,
Kansas,2,2017,Spirits,132492,5.62,,,,,,,,
Kansas,2,2017,Beer,174181,7.39,,,,,,,,
Kansas,3,2017,Spirits,141872,6.02,,,,,,,,
Kansas,3,2017,Beer,175160,7.43,,,,,,,,
Kansas,4,2017,Spirits,162154,6.88,,,,,,,,
Kansas,4,2017,Beer,216671,9.2,,,,,,,,
Kansas,5,2017,Spirits,141906,6.02,,,,,,,,
Kansas,5,2017,Beer,190116,8.07,,,,,,,,
Kansas,6,2017,Spirits,155343,6.59,,,,,,,,
Kansas,6,2017,Beer,208317,8.84,,,,,,,,
Kansas,7,2017,Spirits,186782,7.93,,,,,,,,
Kansas,7,2017,Beer,257021,10.91,,,,,,,,
Kansas,8,2017,Spirits,121346,5.15,,,,,,,,
Kansas,8,2017,Beer,211730,8.99,,,,,,,,
Kansas,9,2017,Spirits,159951,6.79,,,,,,,,
Kansas,9,2017,Beer,244159,10.36,,,,,,,,
Kansas,10,2017,Spirits,140614,5.97,,,,,,,,
Kansas,10,2017,Beer,194037,8.24,,,,,,,,
Kansas,11,2017,Spirits,219415,9.31,,,,,,,,
Kansas,11,2017,Beer,166509,7.07,,,,,,,,
Kansas,12,2017,Spirits,169481,7.19,,,,,,,,
Kansas,12,2017,Beer,200457,8.51,,,,,,,,
Kansas,1,2018,Spirits,126814,5.36,,,,,,,,
Kansas,1,2018,Beer,156936,6.64,,,,,,,,
Kansas,2,2018,Spirits,129087,5.46,,,,,,,,
Kansas,2,2018,Beer,176439,7.46,,,,,,,,
Kansas,3,2018,Spirits,133325,5.64,,,,,,,,
Kansas,3,2018,Beer,147313,6.23,,,,,,,,
Kansas,4,2018,Spirits,146159,6.18,,,,,,,,
Kansas,4,2018,Beer,206517,8.73,,,,,,,,
Kansas,5,2018,Spirits,156821,6.63,,,,,,,,
Kansas,5,2018,Beer,190342,8.05,,,,,,,,
Kansas,6,2018,Spirits,168734,7.14,,,,,,,,
Kansas,6,2018,Beer,226461,9.58,,,,,,,,
Kansas,7,2018,Spirits,179989,7.61,,,,,,,,
Kansas,7,2018,Beer,245223,10.37,,,,,,,,
Kansas,8,2018,Spirits,136382,5.77,,,,,,,,
Kansas,8,2018,Beer,229238,9.7,,,,,,,,
Kansas,9,2018,Spirits,156393,6.61,,,,,,,,
Kansas,9,2018,Beer,236687,10.01,,,,,,,,
Kansas,10,2018,Spirits,154929,6.55,,,,,,,,
Kansas,10,2018,Beer,160259,6.78,,,,,,,,
Kansas,11,2018,Spirits,184658,7.81,,,,,,,,
Kansas,11,2018,Beer,191461,8.1,,,,,,,,
Kansas,12,2018,Spirits,202666,8.57,,,,,,,,
Kansas,12,2018,Beer,162409,6.87,,,,,,,,
Kansas,1,2019,Spirits,166160,7.01,,,,,,,,
Kansas,1,2019,Beer,164025,6.92,,,,,,,,
Kansas,2,2019,Spirits,153918,6.49,,,,,,,,
Kansas,2,2019,Beer,181808,7.67,,,,,,,,
Kansas,3,2019,Spirits,142960,6.03,,,,,,,,
Kansas,3,2019,Beer,143606,6.06,,,,,,,,
Kansas,4,2019,Spirits,157033,6.62,,,,,,,,
Kansas,4,2019,Beer,215579,9.09,,,,,,,,
Kansas,5,2019,Spirits,177983,7.51,,,,,,,,
Kansas,5,2019,Beer,210334,8.87,,,,,,,,
Kansas,6,2019,Spirits,183597,7.74,,,,,,,,
Kansas,6,2019,Beer,231590,9.77,,,,,,,,
Kansas,7,2019,Spirits,130942,5.52,,,,,,,,
Kansas,7,2019,Beer,226334,9.54,,,,,,,,
Kansas,8,2019,Spirits,139860,5.9,,,,,,,,
Kansas,8,2019,Beer,223648,9.43,,,,,,,,
Kansas,9,2019,Spirits,149008,6.28,,,,,,,,
Kansas,9,2019,Beer,249469,10.52,,,,,,,,
Kansas,10,2019,Spirits,179878,7.59,,,,,,,,
Kansas,10,2019,Beer,193769,8.17,,,,,,,,
Kansas,11,2019,Spirits,192258,8.11,,,,,,,,
Kansas,11,2019,Beer,201894,8.51,,,,,,,,
Kansas,12,2019,Spirits,168627,7.11,,,,,,,,
Kansas,12,2019,Beer,169854,7.16,,,,,,,,
Kansas,1,2020,Spirits,147040,6.2,,,,,,,,
Kansas,1,2020,Beer,190078,8.02,,,,,,,,
Kansas,2,2020,Spirits,135840,5.73,,,,,,,,
Kansas,2,2020,Beer,206563,8.71,,,,,,,,
Kansas,3,2020,Spirits,172643,7.28,,,,,,,,
Kansas,3,2020,Beer,172777,7.29,,,,,,,,
Kansas,4,2020,Spirits,179460,7.57,,,,,,,,
Kansas,4,2020,Beer,183760,7.75,,,,,,,,
Kansas,5,2020,Spirits,145632,6.14,,,,,,,,
Kansas,5,2020,Beer,215525,9.09,,,,,,,,
Kansas,6,2020,Spirits,173307,7.31,,,,,,,,
Kansas,6,2020,Beer,253615,10.69,,,,,,,,
Kentucky,1,2017,Spirits,320233,8.72,,,,,,,,
Kentucky,1,2017,Wine,95011,2.59,,,,,,,,
Kentucky,1,2017,Beer,268180,7.31,,,,,,,,
Kentucky,2,2017,Spirits,108053,2.94,,,,,,,,
Kentucky,2,2017,Wine,31556,0.86,,,,,,,,
Kentucky,2,2017,Beer,204005,5.56,,,,,,,,
Kentucky,3,2017,Spirits,279932,7.63,,,,,,,,
Kentucky,3,2017,Wine,41329,1.13,,,,,,,,
Kentucky,3,2017,Beer,282885,7.71,,,,,,,,
Kentucky,4,2017,Spirits,259637,7.07,,,,,,,,
Kentucky,4,2017,Wine,67491,1.84,,,,,,,,
Kentucky,4,2017,Beer,301052,8.2,,,,,,,,
Kentucky,5,2017,Spirits,235849,6.43,,,,,,,,
Kentucky,5,2017,Wine,64019,1.74,,,,,,,,
Kentucky,5,2017,Beer,269277,7.34,,,,,,,,
Kentucky,6,2017,Spirits,267204,7.28,,,,,,,,
Kentucky,6,2017,Wine,68487,1.87,,,,,,,,
Kentucky,6,2017,Beer,322695,8.79,,,,,,,,
Kentucky,7,2017,Spirits,283521,7.72,,,,,,,,
Kentucky,7,2017,Wine,69670,1.9,,,,,,,,
Kentucky,7,2017,Beer,349029,9.51,,,,,,,,
Kentucky,8,2017,Spirits,221830,6.04,,,,,,,,
Kentucky,8,2017,Wine,54267,1.48,,,,,,,,
Kentucky,8,2017,Beer,285049,7.77,,,,,,,,
Kentucky,9,2017,Spirits,253002,6.89,,,,,,,,
Kentucky,9,2017,Wine,68244,1.86,,,,,,,,
Kentucky,9,2017,Beer,358923,9.78,,,,,,,,
Kentucky,10,2017,Spirits,243856,6.64,,,,,,,,
Kentucky,10,2017,Wine,60213,1.64,,,,,,,,
Kentucky,10,2017,Beer,280657,7.65,,,,,,,,
Kentucky,11,2017,Spirits,264160,7.2,,,,,,,,
Kentucky,11,2017,Wine,67967,1.85,,,,,,,,
Kentucky,11,2017,Beer,282331,7.69,,,,,,,,
Kentucky,12,2017,Spirits,274670,7.48,,,,,,,,
Kentucky,12,2017,Wine,78083,2.13,,,,,,,,
Kentucky,12,2017,Beer,261359,7.12,,,,,,,,
Kentucky,1,2018,Spirits,314303,8.54,,,,,,,,
Kentucky,1,2018,Wine,95200,2.59,,,,,,,,
Kentucky,1,2018,Beer,234887,6.38,,,,,,,,
Kentucky,2,2018,Spirits,190798,5.18,,,,,,,,
Kentucky,2,2018,Wine,55356,1.5,,,,,,,,
Kentucky,2,2018,Beer,192433,5.23,,,,,,,,
Kentucky,3,2018,Spirits,206118,5.6,,,,,,,,
Kentucky,3,2018,Wine,56260,1.53,,,,,,,,
Kentucky,3,2018,Beer,272417,7.4,,,,,,,,
Kentucky,4,2018,Spirits,270585,7.35,,,,,,,,
Kentucky,4,2018,Wine,64681,1.76,,,,,,,,
Kentucky,4,2018,Beer,294142,7.99,,,,,,,,
Kentucky,5,2018,Spirits,260609,7.08,,,,,,,,
Kentucky,5,2018,Wine,70075,1.9,,,,,,,,
Kentucky,5,2018,Beer,273489,7.43,,,,,,,,
Kentucky,6,2018,Spirits,275082,7.47,,,,,,,,
Kentucky,6,2018,Wine,76669,2.08,,,,,,,,
Kentucky,6,2018,Beer,301800,8.2,,,,,,,,
Kentucky,7,2018,Spirits,299499,8.14,,,,,,,,
Kentucky,7,2018,Wine,65539,1.78,,,,,,,,
Kentucky,7,2018,Beer,322188,8.75,,,,,,,,
Kentucky,8,2018,Spirits,216625,5.88,,,,,,,,
Kentucky,8,2018,Wine,57382,1.56,,,,,,,,
Kentucky,8,2018,Beer,309184,8.4,,,,,,,,
Kentucky,9,2018,Spirits,268281,7.29,,,,,,,,
Kentucky,9,2018,Wine,75624,2.05,,,,,,,,
Kentucky,9,2018,Beer,342696,9.31,,,,,,,,
Kentucky,10,2018,Spirits,236191,6.42,,,,,,,,
Kentucky,10,2018,Wine,59837,1.63,,,,,,,,
Kentucky,10,2018,Beer,256409,6.97,,,,,,,,
Kentucky,11,2018,Spirits,294548,8,,,,,,,,
Kentucky,11,2018,Wine,73424,1.99,,,,,,,,
Kentucky,11,2018,Beer,227750,6.19,,,,,,,,
Kentucky,12,2018,Spirits,152546,4.14,,,,,,,,
Kentucky,12,2018,Wine,43987,1.19,,,,,,,,
Kentucky,12,2018,Beer,400536,10.88,,,,,,,,
Kentucky,1,2019,Spirits,457488,12.39,,,,,,,,
Kentucky,1,2019,Wine,123374,3.34,,,,,,,,
Kentucky,1,2019,Beer,222807,6.04,,,,,,,,
Kentucky,2,2019,Spirits,198360,5.37,,,,,,,,
Kentucky,2,2019,Wine,56040,1.52,,,,,,,,
Kentucky,2,2019,Beer,114295,3.1,,,,,,,,
Kentucky,3,2019,Spirits,216031,5.85,,,,,,,,
Kentucky,3,2019,Wine,60431,1.64,,,,,,,,
Kentucky,3,2019,Beer,243751,6.6,,,,,,,,
Kentucky,4,2019,Spirits,265682,7.2,,,,,,,,
Kentucky,4,2019,Wine,57272,1.55,,,,,,,,
Kentucky,4,2019,Beer,298141,8.08,,,,,,,,
Kentucky,5,2019,Spirits,282910,7.66,,,,,,,,
Kentucky,5,2019,Wine,70605,1.91,,,,,,,,
Kentucky,5,2019,Beer,308090,8.35,,,,,,,,
Kentucky,6,2019,Spirits,270670,7.33,,,,,,,,
Kentucky,6,2019,Wine,67636,1.83,,,,,,,,
Kentucky,6,2019,Beer,238009,6.45,,,,,,,,
Kentucky,7,2019,Spirits,315789,8.55,,,,,,,,
Kentucky,7,2019,Wine,72031,1.95,,,,,,,,
Kentucky,7,2019,Beer,372029,10.08,,,,,,,,
Kentucky,8,2019,Spirits,254144,6.88,,,,,,,,
Kentucky,8,2019,Wine,53377,1.45,,,,,,,,
Kentucky,8,2019,Beer,310418,8.41,,,,,,,,
Kentucky,9,2019,Spirits,141255,3.83,,,,,,,,
Kentucky,9,2019,Wine,42904,1.16,,,,,,,,
Kentucky,9,2019,Beer,218540,5.92,,,,,,,,
Kentucky,10,2019,Spirits,394610,10.69,,,,,,,,
Kentucky,10,2019,Wine,88101,2.39,,,,,,,,
Kentucky,10,2019,Beer,313791,8.5,,,,,,,,
Kentucky,11,2019,Spirits,303697,8.23,,,,,,,,
Kentucky,11,2019,Wine,74892,2.03,,,,,,,,
Kentucky,11,2019,Beer,350040,9.48,,,,,,,,
Kentucky,12,2019,Spirits,274656,7.44,,,,,,,,
Kentucky,12,2019,Wine,72609,1.97,,,,,,,,
Kentucky,12,2019,Beer,259000,7.02,,,,,,,,
Kentucky,1,2020,Spirits,376194,10.19,,,,,,,,
Kentucky,1,2020,Wine,94482,2.56,,,,,,,,
Kentucky,1,2020,Beer,246475,6.68,,,,,,,,
Kentucky,2,2020,Spirits,198494,5.38,,,,,,,,
Kentucky,2,2020,Wine,49299,1.34,,,,,,,,
Kentucky,2,2020,Beer,253701,6.87,,,,,,,,
Kentucky,3,2020,Spirits,231610,6.27,,,,,,,,
Kentucky,3,2020,Wine,66694,1.81,,,,,,,,
Kentucky,3,2020,Beer,262079,7.1,,,,,,,,
Kentucky,4,2020,Spirits,315002,8.53,,,,,,,,
Kentucky,4,2020,Wine,75637,2.05,,,,,,,,
Kentucky,4,2020,Beer,278550,7.55,,,,,,,,
Kentucky,5,2020,Spirits,298661,8.09,,,,,,,,
Kentucky,5,2020,Wine,76657,2.08,,,,,,,,
Kentucky,5,2020,Beer,293553,7.95,,,,,,,,
Kentucky,6,2020,Spirits,305597,8.28,,,,,,,,
Kentucky,6,2020,Wine,74745,2.02,,,,,,,,
Kentucky,6,2020,Beer,271886,7.37,,,,,,,,
Louisiana,1,2017,Spirits,260209,6.83,,,,,,,,
Louisiana,1,2017,Wine,89234,2.34,,,,,,,,
Louisiana,2,2017,Spirits,287829,7.56,,,,,,,,
Louisiana,2,2017,Wine,92590,2.43,,,,,,,,
Louisiana,3,2017,Spirits,334601,8.79,,,,,,,,
Louisiana,3,2017,Wine,109602,2.88,,,,,,,,
Louisiana,4,2017,Spirits,299964,7.88,,,,,,,,
Louisiana,4,2017,Wine,98460,2.59,,,,,,,,
Louisiana,5,2017,Spirits,328676,8.63,,,,,,,,
Louisiana,5,2017,Wine,106659,2.8,,,,,,,,
Louisiana,6,2017,Spirits,357440,9.39,,,,,,,,
Louisiana,6,2017,Wine,110536,2.9,,,,,,,,
Louisiana,7,2017,Spirits,261823,6.88,,,,,,,,
Louisiana,7,2017,Wine,85608,2.25,,,,,,,,
Louisiana,8,2017,Spirits,302515,7.95,,,,,,,,
Louisiana,8,2017,Wine,111839,2.94,,,,,,,,
Louisiana,9,2017,Spirits,283286,7.44,,,,,,,,
Louisiana,9,2017,Wine,94457,2.48,,,,,,,,
Louisiana,10,2017,Spirits,340181,8.94,,,,,,,,
Louisiana,10,2017,Wine,118239,3.11,,,,,,,,
Louisiana,11,2017,Spirits,335973,8.82,,,,,,,,
Louisiana,11,2017,Wine,123110,3.23,,,,,,,,
Louisiana,12,2017,Spirits,400362,10.52,,,,,,,,
Louisiana,12,2017,Wine,136057,3.57,,,,,,,,
Louisiana,1,2018,Spirits,290228,7.63,,,,,,,,
Louisiana,1,2018,Wine,97638,2.57,,,,,,,,
Louisiana,2,2018,Spirits,290895,7.65,,,,,,,,
Louisiana,2,2018,Wine,98888,2.6,,,,,,,,
Louisiana,3,2018,Spirits,298327,7.84,,,,,,,,
Louisiana,3,2018,Wine,105515,2.77,,,,,,,,
Louisiana,4,2018,Spirits,313855,8.25,,,,,,,,
Louisiana,4,2018,Wine,103693,2.73,,,,,,,,
Louisiana,5,2018,Spirits,356129,9.36,,,,,,,,
Louisiana,5,2018,Wine,111727,2.94,,,,,,,,
Louisiana,6,2018,Spirits,335988,8.83,,,,,,,,
Louisiana,6,2018,Wine,99802,2.62,,,,,,,,
Louisiana,7,2018,Spirits,294178,7.74,,,,,,,,
Louisiana,7,2018,Wine,96918,2.55,,,,,,,,
Louisiana,8,2018,Spirits,317019,8.34,,,,,,,,
Louisiana,8,2018,Wine,110062,2.89,,,,,,,,
Louisiana,9,2018,Spirits,262165,6.89,,,,,,,,
Louisiana,9,2018,Wine,89939,2.36,,,,,,,,
Louisiana,10,2018,Spirits,353217,9.29,,,,,,,,
Louisiana,10,2018,Wine,116043,3.05,,,,,,,,
Louisiana,11,2018,Spirits,348485,9.16,,,,,,,,
Louisiana,11,2018,Wine,123481,3.25,,,,,,,,
Louisiana,12,2018,Spirits,306103,8.05,,,,,,,,
Louisiana,12,2018,Wine,121533,3.2,,,,,,,,
Louisiana,1,2019,Spirits,239780,6.31,,,,,,,,
Louisiana,1,2019,Wine,83765,2.2,,,,,,,,
Louisiana,2,2019,Spirits,257729,6.78,,,,,,,,
Louisiana,2,2019,Wine,95026,2.5,,,,,,,,
Louisiana,3,2019,Spirits,263867,6.94,,,,,,,,
Louisiana,3,2019,Wine,85856,2.26,,,,,,,,
Louisiana,4,2019,Spirits,327974,8.63,,,,,,,,
Louisiana,4,2019,Wine,106950,2.81,,,,,,,,
Louisiana,5,2019,Spirits,357857,9.42,,,,,,,,
Louisiana,5,2019,Wine,112680,2.97,,,,,,,,
Louisiana,6,2019,Spirits,319012,8.4,,,,,,,,
Louisiana,6,2019,Wine,94542,2.49,,,,,,,,
Louisiana,7,2019,Spirits,312172,8.22,,,,,,,,
Louisiana,7,2019,Wine,101885,2.68,,,,,,,,
Louisiana,8,2019,Spirits,323877,8.52,,,,,,,,
Louisiana,8,2019,Wine,103076,2.71,,,,,,,,
Louisiana,9,2019,Spirits,288178,7.58,,,,,,,,
Louisiana,9,2019,Wine,92625,2.44,,,,,,,,
Louisiana,10,2019,Spirits,378550,9.96,,,,,,,,
Louisiana,10,2019,Wine,117680,3.1,,,,,,,,
Louisiana,11,2019,Spirits,345909,9.1,,,,,,,,
Louisiana,11,2019,Wine,121305,3.19,,,,,,,,
Louisiana,12,2019,Spirits,423955,11.16,,,,,,,,
Louisiana,12,2019,Wine,141850,3.73,,,,,,,,
Louisiana,1,2020,Spirits,306242,8.06,,,,,,,,
Louisiana,1,2020,Wine,101921,2.68,,,,,,,,
Louisiana,2,2020,Spirits,338789,8.92,,,,,,,,
Louisiana,2,2020,Wine,108200,2.85,,,,,,,,
Louisiana,3,2020,Spirits,329317,8.67,,,,,,,,
Louisiana,3,2020,Wine,113658,2.99,,,,,,,,
Louisiana,4,2020,Spirits,320160,8.43,,,,,,,,
Louisiana,4,2020,Wine,101758,2.68,,,,,,,,
Louisiana,5,2020,Spirits,353603,9.31,,,,,,,,
Louisiana,5,2020,Wine,110201,2.9,,,,,,,,
Louisiana,6,2020,Spirits,350700,9.23,,,,,,,,
Louisiana,6,2020,Wine,107478,2.83,,,,,,,,
Massachusetts,1,2017,Spirits,213751,3.68,,,,,,,,
Massachusetts,1,2017,Wine,173229,2.98,,,,,,,,
Massachusetts,1,2017,Beer,368352,6.33,,,,,,,,
Massachusetts,2,2017,Spirits,334037,5.74,,,,,,,,
Massachusetts,2,2017,Wine,253180,4.35,,,,,,,,
Massachusetts,2,2017,Beer,351420,6.04,,,,,,,,
Massachusetts,3,2017,Spirits,498341,8.57,,,,,,,,
Massachusetts,3,2017,Wine,351241,6.04,,,,,,,,
Massachusetts,3,2017,Beer,471045,8.1,,,,,,,,
Massachusetts,4,2017,Spirits,414389,7.13,,,,,,,,
Massachusetts,4,2017,Wine,300088,5.16,,,,,,,,
Massachusetts,4,2017,Beer,458262,7.88,,,,,,,,
Massachusetts,5,2017,Spirits,521332,8.96,,,,,,,,
Massachusetts,5,2017,Wine,326913,5.62,,,,,,,,
Massachusetts,5,2017,Beer,547143,9.41,,,,,,,,
Massachusetts,6,2017,Spirits,774198,13.31,,,,,,,,
Massachusetts,6,2017,Wine,422090,7.26,,,,,,,,
Massachusetts,6,2017,Beer,571557,9.83,,,,,,,,
Massachusetts,7,2017,Spirits,343377,5.9,,,,,,,,
Massachusetts,7,2017,Wine,238136,4.09,,,,,,,,
Massachusetts,7,2017,Beer,487017,8.37,,,,,,,,
Massachusetts,8,2017,Spirits,443277,7.62,,,,,,,,
Massachusetts,8,2017,Wine,301765,5.19,,,,,,,,
Massachusetts,8,2017,Beer,556807,9.57,,,,,,,,
Massachusetts,9,2017,Spirits,477877,8.22,,,,,,,,
Massachusetts,9,2017,Wine,336527,5.79,,,,,,,,
Massachusetts,9,2017,Beer,445924,7.67,,,,,,,,
Massachusetts,10,2017,Spirits,448926,7.72,,,,,,,,
Massachusetts,10,2017,Wine,288639,4.96,,,,,,,,
Massachusetts,10,2017,Beer,418093,7.19,,,,,,,,
Massachusetts,11,2017,Spirits,489960,8.42,,,,,,,,
Massachusetts,11,2017,Wine,368970,6.34,,,,,,,,
Massachusetts,11,2017,Beer,422740,7.27,,,,,,,,
Massachusetts,12,2017,Spirits,707646,12.17,,,,,,,,
Massachusetts,12,2017,Wine,453625,7.8,,,,,,,,
Massachusetts,12,2017,Beer,408434,7.02,,,,,,,,
Massachusetts,1,2018,Spirits,261946,4.48,,,,,,,,
Massachusetts,1,2018,Wine,187796,3.21,,,,,,,,
Massachusetts,1,2018,Beer,385707,6.6,,,,,,,,
Massachusetts,2,2018,Spirits,343821,5.88,,,,,,,,
Massachusetts,2,2018,Wine,255068,4.36,,,,,,,,
Massachusetts,2,2018,Beer,353330,6.05,,,,,,,,
Massachusetts,3,2018,Spirits,483764,8.28,,,,,,,,
Massachusetts,3,2018,Wine,296494,5.07,,,,,,,,
Massachusetts,3,2018,Beer,417103,7.14,,,,,,,,
Massachusetts,4,2018,Spirits,464646,7.95,,,,,,,,
Massachusetts,4,2018,Wine,273846,4.69,,,,,,,,
Massachusetts,4,2018,Beer,449586,7.69,,,,,,,,
Massachusetts,5,2018,Spirits,511271,8.75,,,,,,,,
Massachusetts,5,2018,Wine,336487,5.76,,,,,,,,
Massachusetts,5,2018,Beer,539107,9.22,,,,,,,,
Massachusetts,6,2018,Spirits,775356,13.27,,,,,,,,
Massachusetts,6,2018,Wine,411362,7.04,,,,,,,,
Massachusetts,6,2018,Beer,517534,8.86,,,,,,,,
Massachusetts,7,2018,Spirits,367680,6.29,,,,,,,,
Massachusetts,7,2018,Wine,240917,4.12,,,,,,,,
Massachusetts,7,2018,Beer,510276,8.73,,,,,,,,
Massachusetts,8,2018,Spirits,449660,7.69,,,,,,,,
Massachusetts,8,2018,Wine,307647,5.26,,,,,,,,
Massachusetts,8,2018,Beer,564273,9.66,,,,,,,,
Massachusetts,9,2018,Spirits,491021,8.4,,,,,,,,
Massachusetts,9,2018,Wine,299353,5.12,,,,,,,,
Massachusetts,9,2018,Beer,432541,7.4,,,,,,,,
Massachusetts,10,2018,Spirits,513324,8.78,,,,,,,,
Massachusetts,10,2018,Wine,319845,5.47,,,,,,,,
Massachusetts,10,2018,Beer,440929,7.54,,,,,,,,
Massachusetts,11,2018,Spirits,520530,8.91,,,,,,,,
Massachusetts,11,2018,Wine,357793,6.12,,,,,,,,
Massachusetts,11,2018,Beer,358489,6.13,,,,,,,,
Massachusetts,12,2018,Spirits,706108,12.08,,,,,,,,
Massachusetts,12,2018,Wine,436148,7.46,,,,,,,,
Massachusetts,12,2018,Beer,373428,6.39,,,,,,,,
Massachusetts,1,2019,Spirits,294265,5.02,,,,,,,,
Massachusetts,1,2019,Wine,182800,3.12,,,,,,,,
Massachusetts,1,2019,Beer,385288,6.57,,,,,,,,
Massachusetts,2,2019,Spirits,350637,5.98,,,,,,,,
Massachusetts,2,2019,Wine,239497,4.09,,,,,,,,
Massachusetts,2,2019,Beer,340307,5.8,,,,,,,,
Massachusetts,3,2019,Spirits,451031,7.69,,,,,,,,
Massachusetts,3,2019,Wine,254419,4.34,,,,,,,,
Massachusetts,3,2019,Beer,413465,7.05,,,,,,,,
Massachusetts,4,2019,Spirits,444597,7.58,,,,,,,,
Massachusetts,4,2019,Wine,282571,4.82,,,,,,,,
Massachusetts,4,2019,Beer,478989,8.17,,,,,,,,
Massachusetts,5,2019,Spirits,580322,9.9,,,,,,,,
Massachusetts,5,2019,Wine,335240,5.72,,,,,,,,
Massachusetts,5,2019,Beer,552564,9.43,,,,,,,,
Massachusetts,6,2019,Spirits,706893,12.06,,,,,,,,
Massachusetts,6,2019,Wine,387174,6.6,,,,,,,,
Massachusetts,6,2019,Beer,510718,8.71,,,,,,,,
Massachusetts,7,2019,Spirits,437669,7.47,,,,,,,,
Massachusetts,7,2019,Wine,249332,4.25,,,,,,,,
Massachusetts,7,2019,Beer,541016,9.23,,,,,,,,
Massachusetts,8,2019,Spirits,505767,8.63,,,,,,,,
Massachusetts,8,2019,Wine,292933,5,,,,,,,,
Massachusetts,8,2019,Beer,544983,9.3,,,,,,,,
Massachusetts,9,2019,Spirits,460954,7.86,,,,,,,,
Massachusetts,9,2019,Wine,280354,4.78,,,,,,,,
Massachusetts,9,2019,Beer,412770,7.04,,,,,,,,
Massachusetts,10,2019,Spirits,647885,11.05,,,,,,,,
Massachusetts,10,2019,Wine,342389,5.84,,,,,,,,
Massachusetts,10,2019,Beer,360341,6.15,,,,,,,,
Massachusetts,11,2019,Spirits,479570,8.18,,,,,,,,
Massachusetts,11,2019,Wine,312366,5.33,,,,,,,,
Massachusetts,11,2019,Beer,383451,6.54,,,,,,,,
Massachusetts,12,2019,Spirits,753136,12.85,,,,,,,,
Massachusetts,12,2019,Wine,440438,7.51,,,,,,,,
Massachusetts,12,2019,Beer,405733,6.92,,,,,,,,
Massachusetts,1,2020,Spirits,318704,5.44,,,,,,,,
Massachusetts,1,2020,Wine,189921,3.24,,,,,,,,
Massachusetts,1,2020,Beer,395278,6.74,,,,,,,,
Massachusetts,2,2020,Spirits,379509,6.47,,,,,,,,
Massachusetts,2,2020,Wine,238602,4.07,,,,,,,,
Massachusetts,2,2020,Beer,360084,6.14,,,,,,,,
Massachusetts,3,2020,Spirits,506475,8.64,,,,,,,,
Massachusetts,3,2020,Wine,302288,5.16,,,,,,,,
Massachusetts,3,2020,Beer,383511,6.54,,,,,,,,
Massachusetts,4,2020,Spirits,529555,9.03,,,,,,,,
Massachusetts,4,2020,Wine,309496,5.28,,,,,,,,
Massachusetts,4,2020,Beer,420256,7.17,,,,,,,,
Massachusetts,5,2020,Spirits,539742,9.21,,,,,,,,
Massachusetts,5,2020,Wine,298870,5.1,,,,,,,,
Massachusetts,5,2020,Beer,364192,6.21,,,,,,,,
Massachusetts,6,2020,Spirits,839124,14.31,,,,,,,,
Massachusetts,6,2020,Wine,382119,6.52,,,,,,,,
Massachusetts,6,2020,Beer,465088,7.93,,,,,,,,
Missouri,1,2017,Spirits,260521,5.17,,,,,,,,
Missouri,1,2017,Wine,125437,2.49,,,,,,,,
Missouri,1,2017,Beer,426348,8.46,,,,,,,,
Missouri,2,2017,Spirits,392932,7.8,,,,,,,,
Missouri,2,2017,Wine,169287,3.36,,,,,,,,
Missouri,2,2017,Beer,405457,8.05,,,,,,,,
Missouri,3,2017,Spirits,437490,8.68,,,,,,,,
Missouri,3,2017,Wine,172919,3.43,,,,,,,,
Missouri,3,2017,Beer,500537,9.94,,,,,,,,
Missouri,4,2017,Spirits,402845,8,,,,,,,,
Missouri,4,2017,Wine,137780,2.74,,,,,,,,
Missouri,4,2017,Beer,490645,9.74,,,,,,,,
Missouri,5,2017,Spirits,446983,8.87,,,,,,,,
Missouri,5,2017,Wine,153723,3.05,,,,,,,,
Missouri,5,2017,Beer,546178,10.84,,,,,,,,
Missouri,6,2017,Spirits,490417,9.74,,,,,,,,
Missouri,6,2017,Wine,183374,3.64,,,,,,,,
Missouri,6,2017,Beer,545753,10.83,,,,,,,,
Missouri,7,2017,Spirits,363582,7.22,,,,,,,,
Missouri,7,2017,Wine,131632,2.61,,,,,,,,
Missouri,7,2017,Beer,495023,9.83,,,,,,,,
Missouri,8,2017,Spirits,418433,8.31,,,,,,,,
Missouri,8,2017,Wine,158865,3.15,,,,,,,,
Missouri,8,2017,Beer,545941,10.84,,,,,,,,
Missouri,9,2017,Spirits,493152,9.79,,,,,,,,
Missouri,9,2017,Wine,176178,3.5,,,,,,,,
Missouri,9,2017,Beer,468924,9.31,,,,,,,,
Missouri,10,2017,Spirits,429637,8.53,,,,,,,,
Missouri,10,2017,Wine,184289,3.66,,,,,,,,
Missouri,10,2017,Beer,462034,9.17,,,,,,,,
Missouri,11,2017,Spirits,482525,9.58,,,,,,,,
Missouri,11,2017,Wine,185597,3.68,,,,,,,,
Missouri,11,2017,Beer,442579,8.79,,,,,,,,
Missouri,12,2017,Spirits,468663,9.3,,,,,,,,
Missouri,12,2017,Wine,175249,3.48,,,,,,,,
Missouri,12,2017,Beer,388067,7.7,,,,,,,,
Missouri,1,2018,Spirits,279055,5.52,,,,,,,,
Missouri,1,2018,Wine,142493,2.82,,,,,,,,
Missouri,1,2018,Beer,388586,7.68,,,,,,,,
Missouri,2,2018,Spirits,372179,7.36,,,,,,,,
Missouri,2,2018,Wine,137422,2.72,,,,,,,,
Missouri,2,2018,Beer,399632,7.9,,,,,,,,
Missouri,3,2018,Spirits,435498,8.61,,,,,,,,
Missouri,3,2018,Wine,158550,3.14,,,,,,,,
Missouri,3,2018,Beer,457427,9.05,,,,,,,,
Missouri,4,2018,Spirits,449734,8.89,,,,,,,,
Missouri,4,2018,Wine,148441,2.94,,,,,,,,
Missouri,4,2018,Beer,473101,9.36,,,,,,,,
Missouri,5,2018,Spirits,472771,9.35,,,,,,,,
Missouri,5,2018,Wine,185444,3.67,,,,,,,,
Missouri,5,2018,Beer,510829,10.1,,,,,,,,
Missouri,6,2018,Spirits,454407,8.99,,,,,,,,
Missouri,6,2018,Wine,158957,3.14,,,,,,,,
Missouri,6,2018,Beer,558323,11.04,,,,,,,,
Missouri,7,2018,Spirits,383758,7.59,,,,,,,,
Missouri,7,2018,Wine,127233,2.52,,,,,,,,
Missouri,7,2018,Beer,529865,10.48,,,,,,,,
Missouri,8,2018,Spirits,477761,9.45,,,,,,,,
Missouri,8,2018,Wine,181100,3.58,,,,,,,,
Missouri,8,2018,Beer,535268,10.59,,,,,,,,
Missouri,9,2018,Spirits,457744,9.05,,,,,,,,
Missouri,9,2018,Wine,138183,2.73,,,,,,,,
Missouri,9,2018,Beer,463452,9.17,,,,,,,,
Missouri,10,2018,Spirits,473321,9.36,,,,,,,,
Missouri,10,2018,Wine,202379,4,,,,,,,,
Missouri,10,2018,Beer,464291,9.18,,,,,,,,
Missouri,11,2018,Spirits,493781,9.76,,,,,,,,
Missouri,11,2018,Wine,173187,3.42,,,,,,,,
Missouri,11,2018,Beer,418029,8.27,,,,,,,,
Missouri,12,2018,Spirits,428880,8.48,,,,,,,,
Missouri,12,2018,Wine,169058,3.34,,,,,,,,
Missouri,12,2018,Beer,397930,7.87,,,,,,,,
Missouri,1,2019,Spirits,343266,6.76,,,,,,,,
Missouri,1,2019,Wine,166624,3.28,,,,,,,,
Missouri,1,2019,Beer,383754,7.56,,,,,,,,
Missouri,2,2019,Spirits,375449,7.39,,,,,,,,
Missouri,2,2019,Wine,142300,2.8,,,,,,,,
Missouri,2,2019,Beer,173980,3.43,,,,,,,,
Missouri,3,2019,Spirits,438535,8.64,,,,,,,,
Missouri,3,2019,Wine,157173,3.1,,,,,,,,
Missouri,3,2019,Beer,695256,13.69,,,,,,,,
Missouri,4,2019,Spirits,483353,9.52,,,,,,,,
Missouri,4,2019,Wine,147693,2.91,,,,,,,,
Missouri,4,2019,Beer,485288,9.56,,,,,,,,
Missouri,5,2019,Spirits,510654,10.06,,,,,,,,
Missouri,5,2019,Wine,176435,3.47,,,,,,,,
Missouri,5,2019,Beer,532645,10.49,,,,,,,,
Missouri,6,2019,Spirits,515320,10.15,,,,,,,,
Missouri,6,2019,Wine,152925,3.01,,,,,,,,
Missouri,6,2019,Beer,497443,9.8,,,,,,,,
Missouri,7,2019,Spirits,444657,8.76,,,,,,,,
Missouri,7,2019,Wine,138636,2.73,,,,,,,,
Missouri,7,2019,Beer,488277,9.62,,,,,,,,
Missouri,8,2019,Spirits,419282,8.26,,,,,,,,
Missouri,8,2019,Wine,142792,2.81,,,,,,,,
Missouri,8,2019,Beer,514321,10.13,,,,,,,,
Missouri,9,2019,Spirits,490388,9.66,,,,,,,,
Missouri,9,2019,Wine,146296,2.88,,,,,,,,
Missouri,9,2019,Beer,467291,9.2,,,,,,,,
Missouri,10,2019,Spirits,472996,9.31,,,,,,,,
Missouri,10,2019,Wine,184148,3.63,,,,,,,,
Missouri,10,2019,Beer,457584,9.01,,,,,,,,
Missouri,11,2019,Spirits,536684,10.57,,,,,,,,
Missouri,11,2019,Wine,167768,3.3,,,,,,,,
Missouri,11,2019,Beer,420943,8.29,,,,,,,,
Missouri,12,2019,Spirits,514530,10.13,,,,,,,,
Missouri,12,2019,Wine,174850,3.44,,,,,,,,
Missouri,12,2019,Beer,429644,8.46,,,,,,,,
Missouri,1,2020,Spirits,339394,6.68,,,,,,,,
Missouri,1,2020,Wine,162587,3.2,,,,,,,,
Missouri,1,2020,Beer,376158,7.41,,,,,,,,
Missouri,2,2020,Spirits,423234,8.33,,,,,,,,
Missouri,2,2020,Wine,135429,2.67,,,,,,,,
Missouri,2,2020,Beer,391154,7.7,,,,,,,,
Missouri,3,2020,Spirits,530916,10.46,,,,,,,,
Missouri,3,2020,Wine,160152,3.15,,,,,,,,
Missouri,3,2020,Beer,456674,8.99,,,,,,,,
Missouri,4,2020,Spirits,495004,9.75,,,,,,,,
Missouri,4,2020,Wine,165193,3.25,,,,,,,,
Missouri,4,2020,Beer,463318,9.12,,,,,,,,
Missouri,5,2020,Spirits,500315,9.85,,,,,,,,
Missouri,5,2020,Wine,144330,2.84,,,,,,,,
Missouri,5,2020,Beer,468559,9.23,,,,,,,,
Missouri,6,2020,Spirits,621026,12.23,,,,,,,,
Missouri,6,2020,Wine,171219,3.37,,,,,,,,
Missouri,6,2020,Beer,499493,9.84,,,,,,,,
North Dakota,1,2017,Spirits,50920,8.3,,,,,,,,
North Dakota,1,2017,Wine,12481,2.04,,,,,,,,
North Dakota,1,2017,Beer,66605,10.86,,,,,,,,
North Dakota,2,2017,Spirits,56308,9.18,,,,,,,,
North Dakota,2,2017,Wine,13793,2.25,,,,,,,,
North Dakota,2,2017,Beer,67286,10.97,,,,,,,,
North Dakota,3,2017,Spirits,66611,10.86,,,,,,,,
North Dakota,3,2017,Wine,16270,2.65,,,,,,,,
North Dakota,3,2017,Beer,71916,11.73,,,,,,,,
North Dakota,4,2017,Spirits,55319,9.02,,,,,,,,
North Dakota,4,2017,Wine,20683,3.37,,,,,,,,
North Dakota,4,2017,Beer,87042,14.19,,,,,,,,
North Dakota,5,2017,Spirits,73128,11.92,,,,,,,,
North Dakota,5,2017,Wine,15738,2.57,,,,,,,,
North Dakota,5,2017,Beer,95223,15.53,,,,,,,,
North Dakota,6,2017,Spirits,82648,13.48,,,,,,,,
North Dakota,6,2017,Wine,15844,2.58,,,,,,,,
North Dakota,6,2017,Beer,101851,16.61,,,,,,,,
North Dakota,7,2017,Spirits,63621,10.37,,,,,,,,
North Dakota,7,2017,Wine,14000,2.28,,,,,,,,
North Dakota,7,2017,Beer,83567,13.63,,,,,,,,
North Dakota,8,2017,Spirits,68927,11.24,,,,,,,,
North Dakota,8,2017,Wine,16960,2.77,,,,,,,,
North Dakota,8,2017,Beer,86030,14.03,,,,,,,,
North Dakota,9,2017,Spirits,62741,10.23,,,,,,,,
North Dakota,9,2017,Wine,12537,2.04,,,,,,,,
North Dakota,9,2017,Beer,68097,11.1,,,,,,,,
North Dakota,10,2017,Spirits,66969,10.92,,,,,,,,
North Dakota,10,2017,Wine,18212,2.97,,,,,,,,
North Dakota,10,2017,Beer,70943,11.57,,,,,,,,
North Dakota,11,2017,Spirits,69989,11.41,,,,,,,,
North Dakota,11,2017,Wine,25010,4.08,,,,,,,,
North Dakota,11,2017,Beer,72835,11.88,,,,,,,,
North Dakota,12,2017,Spirits,81518,13.29,,,,,,,,
North Dakota,12,2017,Wine,24817,4.05,,,,,,,,
North Dakota,12,2017,Beer,56250,9.17,,,,,,,,
North Dakota,1,2018,Spirits,54285,8.83,,,,,,,,
North Dakota,1,2018,Wine,11893,1.93,,,,,,,,
North Dakota,1,2018,Beer,72033,11.71,,,,,,,,
North Dakota,2,2018,Spirits,59670,9.7,,,,,,,,
North Dakota,2,2018,Wine,14127,2.3,,,,,,,,
North Dakota,2,2018,Beer,59466,9.67,,,,,,,,
North Dakota,3,2018,Spirits,59667,9.7,,,,,,,,
North Dakota,3,2018,Wine,17172,2.79,,,,,,,,
North Dakota,3,2018,Beer,72500,11.79,,,,,,,,
North Dakota,4,2018,Spirits,61330,9.97,,,,,,,,
North Dakota,4,2018,Wine,21347,3.47,,,,,,,,
North Dakota,4,2018,Beer,80573,13.1,,,,,,,,
North Dakota,5,2018,Spirits,73532,11.95,,,,,,,,
North Dakota,5,2018,Wine,15325,2.49,,,,,,,,
North Dakota,5,2018,Beer,90124,14.65,,,,,,,,
North Dakota,6,2018,Spirits,81424,13.24,,,,,,,,
North Dakota,6,2018,Wine,14930,2.43,,,,,,,,
North Dakota,6,2018,Beer,111698,18.16,,,,,,,,
North Dakota,7,2018,Spirits,65932,10.72,,,,,,,,
North Dakota,7,2018,Wine,15568,2.53,,,,,,,,
North Dakota,7,2018,Beer,86265,14.03,,,,,,,,
North Dakota,8,2018,Spirits,70299,11.43,,,,,,,,
North Dakota,8,2018,Wine,15005,2.44,,,,,,,,
North Dakota,8,2018,Beer,79867,12.98,,,,,,,,
North Dakota,9,2018,Spirits,61627,10.02,,,,,,,,
North Dakota,9,2018,Wine,13064,2.12,,,,,,,,
North Dakota,9,2018,Beer,67776,11.02,,,,,,,,
North Dakota,10,2018,Spirits,72506,11.79,,,,,,,,
North Dakota,10,2018,Wine,18955,3.08,,,,,,,,
North Dakota,10,2018,Beer,71795,11.67,,,,,,,,
North Dakota,11,2018,Spirits,68440,11.13,,,,,,,,
North Dakota,11,2018,Wine,23580,3.83,,,,,,,,
North Dakota,11,2018,Beer,65959,10.72,,,,,,,,
North Dakota,12,2018,Spirits,89422,14.54,,,,,,,,
North Dakota,12,2018,Wine,26781,4.35,,,,,,,,
North Dakota,12,2018,Beer,67512,10.98,,,,,,,,
North Dakota,1,2019,Spirits,53309,8.63,,,,,,,,
North Dakota,1,2019,Wine,12441,2.01,,,,,,,,
North Dakota,1,2019,Beer,71521,11.58,,,,,,,,
North Dakota,2,2019,Spirits,62715,10.15,,,,,,,,
North Dakota,2,2019,Wine,13197,2.14,,,,,,,,
North Dakota,2,2019,Beer,56110,9.08,,,,,,,,
North Dakota,3,2019,Spirits,63494,10.28,,,,,,,,
North Dakota,3,2019,Wine,14730,2.38,,,,,,,,
North Dakota,3,2019,Beer,74180,12.01,,,,,,,,
North Dakota,4,2019,Spirits,67105,10.86,,,,,,,,
North Dakota,4,2019,Wine,23036,3.73,,,,,,,,
North Dakota,4,2019,Beer,84014,13.6,,,,,,,,
North Dakota,5,2019,Spirits,70153,11.35,,,,,,,,
North Dakota,5,2019,Wine,14910,2.41,,,,,,,,
North Dakota,5,2019,Beer,90003,14.57,,,,,,,,
North Dakota,6,2019,Spirits,81812,13.24,,,,,,,,
North Dakota,6,2019,Wine,15537,2.51,,,,,,,,
North Dakota,6,2019,Beer,93533,15.14,,,,,,,,
North Dakota,7,2019,Spirits,71335,11.55,,,,,,,,
North Dakota,7,2019,Wine,15007,2.43,,,,,,,,
North Dakota,7,2019,Beer,93470,15.13,,,,,,,,
North Dakota,8,2019,Spirits,72506,11.73,,,,,,,,
North Dakota,8,2019,Wine,14120,2.29,,,,,,,,
North Dakota,8,2019,Beer,81456,13.18,,,,,,,,
North Dakota,9,2019,Spirits,71351,11.55,,,,,,,,
North Dakota,9,2019,Wine,14273,2.31,,,,,,,,
North Dakota,9,2019,Beer,71753,11.61,,,,,,,,
North Dakota,10,2019,Spirits,76242,12.34,,,,,,,,
North Dakota,10,2019,Wine,18255,2.95,,,,,,,,
North Dakota,10,2019,Beer,62336,10.09,,,,,,,,
North Dakota,11,2019,Spirits,62840,10.17,,,,,,,,
North Dakota,11,2019,Wine,21765,3.52,,,,,,,,
North Dakota,11,2019,Beer,68253,11.05,,,,,,,,
North Dakota,12,2019,Spirits,93379,15.11,,,,,,,,
North Dakota,12,2019,Wine,27278,4.41,,,,,,,,
North Dakota,12,2019,Beer,71188,11.52,,,,,,,,
North Dakota,1,2020,Spirits,52687,8.53,,,,,,,,
North Dakota,1,2020,Wine,11672,1.89,,,,,,,,
North Dakota,1,2020,Beer,72234,11.69,,,,,,,,
North Dakota,2,2020,Spirits,60399,9.78,,,,,,,,
North Dakota,2,2020,Wine,12508,2.02,,,,,,,,
North Dakota,2,2020,Beer,63119,10.22,,,,,,,,
North Dakota,3,2020,Spirits,83385,13.5,,,,,,,,
North Dakota,3,2020,Wine,17478,2.83,,,,,,,,
North Dakota,3,2020,Beer,72420,11.72,,,,,,,,
North Dakota,4,2020,Spirits,65180,10.55,,,,,,,,
North Dakota,4,2020,Wine,17235,2.79,,,,,,,,
North Dakota,4,2020,Beer,74846,12.11,,,,,,,,
North Dakota,5,2020,Spirits,70335,11.38,,,,,,,,
North Dakota,5,2020,Wine,14775,2.39,,,,,,,,
North Dakota,5,2020,Beer,75065,12.15,,,,,,,,
North Dakota,6,2020,Spirits,96115,15.56,,,,,,,,
North Dakota,6,2020,Wine,18461,2.99,,,,,,,,
North Dakota,6,2020,Beer,94113,15.23,,,,,,,,
Oregon,1,2017,Wine,190443,5.49,,,,,,,,
Oregon,1,2017,Beer,273318,7.88,,,,,,,,
Oregon,2,2017,Wine,140055,4.04,,,,,,,,
Oregon,2,2017,Beer,295260,8.51,,,,,,,,
Oregon,3,2017,Wine,165787,4.78,,,,,,,,
Oregon,3,2017,Beer,315050,9.08,,,,,,,,
Oregon,4,2017,Wine,188184,5.43,,,,,,,,
Oregon,4,2017,Beer,402710,11.61,,,,,,,,
Oregon,5,2017,Wine,143717,4.14,,,,,,,,
Oregon,5,2017,Beer,324285,9.35,,,,,,,,
Oregon,6,2017,Wine,163274,4.71,,,,,,,,
Oregon,6,2017,Beer,401254,11.57,,,,,,,,
Oregon,7,2017,Wine,192560,5.55,,,,,,,,
Oregon,7,2017,Beer,439054,12.66,,,,,,,,
Oregon,8,2017,Wine,148148,4.27,,,,,,,,
Oregon,8,2017,Beer,418496,12.07,,,,,,,,
Oregon,9,2017,Wine,193355,5.57,,,,,,,,
Oregon,9,2017,Beer,440503,12.7,,,,,,,,
Oregon,10,2017,Wine,176197,5.08,,,,,,,,
Oregon,10,2017,Beer,372451,10.74,,,,,,,,
Oregon,11,2017,Wine,175320,5.05,,,,,,,,
Oregon,11,2017,Beer,302802,8.73,,,,,,,,
Oregon,12,2017,Wine,181188,5.22,,,,,,,,
Oregon,12,2017,Beer,308905,8.91,,,,,,,,
Oregon,1,2018,Wine,168784,4.81,,,,,,,,
Oregon,1,2018,Beer,268267,7.64,,,,,,,,
Oregon,2,2018,Wine,154155,4.39,,,,,,,,
Oregon,2,2018,Beer,322851,9.2,,,,,,,,
Oregon,3,2018,Wine,127673,3.64,,,,,,,,
Oregon,3,2018,Beer,262640,7.48,,,,,,,,
Oregon,4,2018,Wine,174684,4.98,,,,,,,,
Oregon,4,2018,Beer,302196,8.61,,,,,,,,
Oregon,5,2018,Wine,147592,4.21,,,,,,,,
Oregon,5,2018,Beer,374295,10.67,,,,,,,,
Oregon,6,2018,Wine,158248,4.51,,,,,,,,
Oregon,6,2018,Beer,398961,11.37,,,,,,,,
Oregon,7,2018,Wine,189248,5.39,,,,,,,,
Oregon,7,2018,Beer,475655,13.55,,,,,,,,
Oregon,8,2018,Wine,165248,4.71,,,,,,,,
Oregon,8,2018,Beer,434370,12.38,,,,,,,,
Oregon,9,2018,Wine,218829,6.24,,,,,,,,
Oregon,9,2018,Beer,415349,11.84,,,,,,,,
Oregon,10,2018,Wine,163560,4.66,,,,,,,,
Oregon,10,2018,Beer,360942,10.29,,,,,,,,
Oregon,11,2018,Wine,176499,5.03,,,,,,,,
Oregon,11,2018,Beer,332333,9.47,,,,,,,,
Oregon,12,2018,Wine,186779,5.32,,,,,,,,
Oregon,12,2018,Beer,299804,8.54,,,,,,,,
Oregon,1,2019,Wine,195813,5.52,,,,,,,,
Oregon,1,2019,Beer,306465,8.64,,,,,,,,
Oregon,2,2019,Wine,148140,4.18,,,,,,,,
Oregon,2,2019,Beer,292047,8.23,,,,,,,,
Oregon,3,2019,Wine,103744,2.92,,,,,,,,
Oregon,3,2019,Beer,293098,8.26,,,,,,,,
Oregon,4,2019,Wine,232087,6.54,,,,,,,,
Oregon,4,2019,Beer,329985,9.3,,,,,,,,
Oregon,5,2019,Wine,165450,4.66,,,,,,,,
Oregon,5,2019,Beer,393905,11.1,,,,,,,,
Oregon,6,2019,Wine,105953,2.99,,,,,,,,
Oregon,6,2019,Beer,394097,11.11,,,,,,,,
Oregon,7,2019,Wine,193244,5.45,,,,,,,,
Oregon,7,2019,Beer,403963,11.39,,,,,,,,
Oregon,8,2019,Wine,197369,5.56,,,,,,,,
Oregon,8,2019,Beer,323527,9.12,,,,,,,,
Oregon,9,2019,Wine,180984,5.1,,,,,,,,
Oregon,9,2019,Beer,432152,12.18,,,,,,,,
Oregon,10,2019,Wine,182489,5.14,,,,,,,,
Oregon,10,2019,Beer,337978,9.53,,,,,,,,
Oregon,11,2019,Wine,150200,4.23,,,,,,,,
Oregon,11,2019,Beer,311962,8.79,,,,,,,,
Oregon,12,2019,Wine,174740,4.93,,,,,,,,
Oregon,12,2019,Beer,307802,8.68,,,,,,,,
Oregon,1,2020,Wine,195733,5.52,,,,,,,,
Oregon,1,2020,Beer,272988,7.7,,,,,,,,
Oregon,2,2020,Wine,160589,4.53,,,,,,,,
Oregon,2,2020,Beer,307897,8.68,,,,,,,,
Oregon,3,2020,Wine,122928,3.47,,,,,,,,
Oregon,3,2020,Beer,210071,5.92,,,,,,,,
Oregon,4,2020,Wine,181577,5.12,,,,,,,,
Oregon,4,2020,Beer,317276,8.94,,,,,,,,
Oregon,5,2020,Wine,165181,4.66,,,,,,,,
Oregon,5,2020,Beer,366271,10.32,,,,,,,,
Oregon,6,2020,Wine,155041,4.37,,,,,,,,
Oregon,6,2020,Beer,358648,10.11,,,,,,,,
Texas,1,2017,Spirits,1701992,7.54,,,,,,,,
Texas,1,2017,Wine,776833,3.44,,,,,,,,
Texas,1,2017,Beer,2367432,10.49,,,,,,,,
Texas,2,2017,Spirits,1218903,5.4,,,,,,,,
Texas,2,2017,Wine,690589,3.06,,,,,,,,
Texas,2,2017,Beer,1813147,8.03,,,,,,,,
Texas,3,2017,Spirits,1066977,4.73,,,,,,,,
Texas,3,2017,Wine,600989,2.66,,,,,,,,
Texas,3,2017,Beer,1927873,8.54,,,,,,,,
Texas,4,2017,Spirits,1278104,5.66,,,,,,,,
Texas,4,2017,Wine,642837,2.85,,,,,,,,
Texas,4,2017,Beer,2519299,11.16,,,,,,,,
Texas,5,2017,Spirits,1340708,5.94,,,,,,,,
Texas,5,2017,Wine,589272,2.61,,,,,,,,
Texas,5,2017,Beer,2230238,9.88,,,,,,,,
Texas,6,2017,Spirits,1325485,5.87,,,,,,,,
Texas,6,2017,Wine,646676,2.86,,,,,,,,
Texas,6,2017,Beer,2809416,12.45,,,,,,,,
Texas,7,2017,Spirits,1379418,6.11,,,,,,,,
Texas,7,2017,Wine,658789,2.92,,,,,,,,
Texas,7,2017,Beer,2710401,12.01,,,,,,,,
Texas,8,2017,Spirits,1292062,5.72,,,,,,,,
Texas,8,2017,Wine,646534,2.86,,,,,,,,
Texas,8,2017,Beer,2241990,9.93,,,,,,,,
Texas,9,2017,Spirits,1102812,4.89,,,,,,,,
Texas,9,2017,Wine,612875,2.72,,,,,,,,
Texas,9,2017,Beer,2556785,11.33,,,,,,,,
Texas,10,2017,Spirits,1383565,6.13,,,,,,,,
Texas,10,2017,Wine,613728,2.72,,,,,,,,
Texas,10,2017,Beer,2362853,10.47,,,,,,,,
Texas,11,2017,Spirits,1324361,5.87,,,,,,,,
Texas,11,2017,Wine,732391,3.24,,,,,,,,
Texas,11,2017,Beer,2316102,10.26,,,,,,,,
Texas,12,2017,Spirits,1861099,8.25,,,,,,,,
Texas,12,2017,Wine,731395,3.24,,,,,,,,
Texas,12,2017,Beer,2765874,12.25,,,,,,,,
Texas,1,2018,Spirits,1612663,7.04,,,,,,,,
Texas,1,2018,Wine,751321,3.28,,,,,,,,
Texas,1,2018,Beer,2246276,9.81,,,,,,,,
Texas,2,2018,Spirits,1269036,5.54,,,,,,,,
Texas,2,2018,Wine,589946,2.58,,,,,,,,
Texas,2,2018,Beer,1809564,7.9,,,,,,,,
Texas,3,2018,Spirits,1145236,5,,,,,,,,
Texas,3,2018,Wine,604651,2.64,,,,,,,,
Texas,3,2018,Beer,1849673,8.08,,,,,,,,
Texas,4,2018,Spirits,1414306,6.18,,,,,,,,
Texas,4,2018,Wine,658024,2.87,,,,,,,,
Texas,4,2018,Beer,2498038,10.91,,,,,,,,
Texas,5,2018,Spirits,1260304,5.5,,,,,,,,
Texas,5,2018,Wine,579693,2.53,,,,,,,,
Texas,5,2018,Beer,2228984,9.73,,,,,,,,
Texas,6,2018,Spirits,1409959,6.16,,,,,,,,
Texas,6,2018,Wine,679261,2.97,,,,,,,,
Texas,6,2018,Beer,2843558,12.42,,,,,,,,
Texas,7,2018,Spirits,1317201,5.75,,,,,,,,
Texas,7,2018,Wine,645022,2.82,,,,,,,,
Texas,7,2018,Beer,2574407,11.24,,,,,,,,
Texas,8,2018,Spirits,1399548,6.11,,,,,,,,
Texas,8,2018,Wine,623198,2.72,,,,,,,,
Texas,8,2018,Beer,2417560,10.56,,,,,,,,
Texas,9,2018,Spirits,1240433,5.42,,,,,,,,
Texas,9,2018,Wine,670923,2.93,,,,,,,,
Texas,9,2018,Beer,2697851,11.78,,,,,,,,
Texas,10,2018,Spirits,1170894,5.11,,,,,,,,
Texas,10,2018,Wine,561690,2.45,,,,,,,,
Texas,10,2018,Beer,2107030,9.2,,,,,,,,
Texas,11,2018,Spirits,1451523,6.34,,,,,,,,
Texas,11,2018,Wine,686690,3,,,,,,,,
Texas,11,2018,Beer,2282593,9.97,,,,,,,,
Texas,12,2018,Spirits,1530749,6.68,,,,,,,,
Texas,12,2018,Wine,727084,3.18,,,,,,,,
Texas,12,2018,Beer,2259871,9.87,,,,,,,,
Texas,1,2019,Spirits,1776694,7.64,,,,,,,,
Texas,1,2019,Wine,768781,3.31,,,,,,,,
Texas,1,2019,Beer,2317403,9.96,,,,,,,,
Texas,2,2019,Spirits,1371692,5.9,,,,,,,,
Texas,2,2019,Wine,581968,2.5,,,,,,,,
Texas,2,2019,Beer,1965981,8.45,,,,,,,,
Texas,3,2019,Spirits,1231361,5.29,,,,,,,,
Texas,3,2019,Wine,591739,2.54,,,,,,,,
Texas,3,2019,Beer,1839722,7.91,,,,,,,,
Texas,4,2019,Spirits,1274917,5.48,,,,,,,,
Texas,4,2019,Wine,604070,2.6,,,,,,,,
Texas,4,2019,Beer,2236446,9.62,,,,,,,,
Texas,5,2019,Spirits,1523221,6.55,,,,,,,,
Texas,5,2019,Wine,636862,2.74,,,,,,,,
Texas,5,2019,Beer,2410456,10.36,,,,,,,,
Texas,6,2019,Spirits,1601362,6.89,,,,,,,,
Texas,6,2019,Wine,658975,2.83,,,,,,,,
Texas,6,2019,Beer,2698772,11.6,,,,,,,,
Texas,7,2019,Spirits,1322515,5.69,,,,,,,,
Texas,7,2019,Wine,628923,2.7,,,,,,,,
Texas,7,2019,Beer,2467091,10.61,,,,,,,,
Texas,8,2019,Spirits,1510820,6.5,,,,,,,,
Texas,8,2019,Wine,626910,2.7,,,,,,,,
Texas,8,2019,Beer,2560469,11.01,,,,,,,,
Texas,9,2019,Spirits,1316911,5.66,,,,,,,,
Texas,9,2019,Wine,643566,2.77,,,,,,,,
Texas,9,2019,Beer,2693362,11.58,,,,,,,,
Texas,10,2019,Spirits,1252118,5.38,,,,,,,,
Texas,10,2019,Wine,552957,2.38,,,,,,,,
Texas,10,2019,Beer,2209808,9.5,,,,,,,,
Texas,11,2019,Spirits,1518519,6.53,,,,,,,,
Texas,11,2019,Wine,656519,2.82,,,,,,,,
Texas,11,2019,Beer,2482509,10.67,,,,,,,,
Texas,12,2019,Spirits,1547600,6.65,,,,,,,,
Texas,12,2019,Wine,703307,3.02,,,,,,,,
Texas,12,2019,Beer,2192640,9.43,,,,,,,,
Texas,1,2020,Spirits,1913050,8.23,,,,,,,,
Texas,1,2020,Wine,815334,3.51,,,,,,,,
Texas,1,2020,Beer,2482631,10.67,,,,,,,,
Texas,2,2020,Spirits,1364960,5.87,,,,,,,,
Texas,2,2020,Wine,593730,2.55,,,,,,,,
Texas,2,2020,Beer,2024152,8.7,,,,,,,,
Texas,3,2020,Spirits,1288178,5.54,,,,,,,,
Texas,3,2020,Wine,602944,2.59,,,,,,,,
Texas,3,2020,Beer,1635992,7.03,,,,,,,,
Texas,4,2020,Spirits,1519441,6.53,,,,,,,,
Texas,4,2020,Wine,744306,3.2,,,,,,,,
Texas,4,2020,Beer,2608016,11.21,,,,,,,,
Texas,5,2020,Spirits,1605685,6.9,,,,,,,,
Texas,5,2020,Wine,689362,2.96,,,,,,,,
Texas,5,2020,Beer,2369843,10.19,,,,,,,,
Texas,6,2020,Spirits,1654885,7.12,,,,,,,,
Texas,6,2020,Wine,711876,3.06,,,,,,,,
Texas,6,2020,Beer,2803068,12.05,,,,,,,,
Virginia,1,2017,Spirits,332039,4.73,,,,,,,,
Virginia,1,2017,Wine,242496,3.46,,,,,,,,
Virginia,1,2017,Beer,462252,6.59,,,,,,,,
Virginia,2,2017,Spirits,341320,4.87,,,,,,,,
Virginia,2,2017,Wine,245561,3.5,,,,,,,,
Virginia,2,2017,Beer,461777,6.58,,,,,,,,
Virginia,3,2017,Spirits,387968,5.53,,,,,,,,
Virginia,3,2017,Wine,284476,4.06,,,,,,,,
Virginia,3,2017,Beer,552583,7.88,,,,,,,,
Virginia,4,2017,Spirits,369694,5.27,,,,,,,,
Virginia,4,2017,Wine,264406,3.77,,,,,,,,
Virginia,4,2017,Beer,537029,7.66,,,,,,,,
Virginia,5,2017,Spirits,400681,5.71,,,,,,,,
Virginia,5,2017,Wine,293784,4.19,,,,,,,,
Virginia,5,2017,Beer,657746,9.38,,,,,,,,
Virginia,6,2017,Spirits,397435,5.67,,,,,,,,
Virginia,6,2017,Wine,297084,4.23,,,,,,,,
Virginia,6,2017,Beer,678699,9.67,,,,,,,,
Virginia,7,2017,Spirits,390519,5.57,,,,,,,,
Virginia,7,2017,Wine,259942,3.71,,,,,,,,
Virginia,7,2017,Beer,568574,8.1,,,,,,,,
Virginia,8,2017,Spirits,386402,5.51,,,,,,,,
Virginia,8,2017,Wine,299326,4.27,,,,,,,,
Virginia,8,2017,Beer,657757,9.38,,,,,,,,
Virginia,9,2017,Spirits,389019,5.55,,,,,,,,
Virginia,9,2017,Wine,267396,3.81,,,,,,,,
Virginia,9,2017,Beer,560421,7.99,,,,,,,,
Virginia,10,2017,Spirits,384369,5.48,,,,,,,,
Virginia,10,2017,Wine,309324,4.41,,,,,,,,
Virginia,10,2017,Beer,552361,7.87,,,,,,,,
Virginia,11,2017,Spirits,413728,5.9,,,,,,,,
Virginia,11,2017,Wine,334051,4.76,,,,,,,,
Virginia,11,2017,Beer,545201,7.77,,,,,,,,
Virginia,12,2017,Spirits,524224,7.47,,,,,,,,
Virginia,12,2017,Wine,338920,4.83,,,,,,,,
Virginia,12,2017,Beer,529290,7.54,,,,,,,,
Virginia,1,2018,Spirits,339915,4.82,,,,,,,,
Virginia,1,2018,Wine,255328,3.62,,,,,,,,
Virginia,1,2018,Beer,465210,6.59,,,,,,,,
Virginia,2,2018,Spirits,347350,4.92,,,,,,,,
Virginia,2,2018,Wine,252397,3.58,,,,,,,,
Virginia,2,2018,Beer,443109,6.28,,,,,,,,
Virginia,3,2018,Spirits,412371,5.84,,,,,,,,
Virginia,3,2018,Wine,278359,3.94,,,,,,,,
Virginia,3,2018,Beer,525613,7.45,,,,,,,,
Virginia,4,2018,Spirits,368357,5.22,,,,,,,,
Virginia,4,2018,Wine,273470,3.88,,,,,,,,
Virginia,4,2018,Beer,532145,7.54,,,,,,,,
Virginia,5,2018,Spirits,414123,5.87,,,,,,,,
Virginia,5,2018,Wine,309908,4.39,,,,,,,,
Virginia,5,2018,Beer,671952,9.52,,,,,,,,
Virginia,6,2018,Spirits,411138,5.83,,,,,,,,
Virginia,6,2018,Wine,285127,4.04,,,,,,,,
Virginia,6,2018,Beer,631407,8.95,,,,,,,,
Virginia,7,2018,Spirits,396904,5.62,,,,,,,,
Virginia,7,2018,Wine,278113,3.94,,,,,,,,
Virginia,7,2018,Beer,596582,8.45,,,,,,,,
Virginia,8,2018,Spirits,413930,5.87,,,,,,,,
Virginia,8,2018,Wine,307335,4.36,,,,,,,,
Virginia,8,2018,Beer,660295,9.36,,,,,,,,
Virginia,9,2018,Spirits,450377,6.38,,,,,,,,
Virginia,9,2018,Wine,251071,3.56,,,,,,,,
Virginia,9,2018,Beer,522887,7.41,,,,,,,,
Virginia,10,2018,Spirits,397794,5.64,,,,,,,,
Virginia,10,2018,Wine,302007,4.28,,,,,,,,
Virginia,10,2018,Beer,562327,7.97,,,,,,,,
Virginia,11,2018,Spirits,450377,6.38,,,,,,,,
Virginia,11,2018,Wine,342536,4.85,,,,,,,,
Virginia,11,2018,Beer,542676,7.69,,,,,,,,
Virginia,12,2018,Spirits,538269,7.63,,,,,,,,
Virginia,12,2018,Wine,340924,4.83,,,,,,,,
Virginia,12,2018,Beer,521033,7.38,,,,,,,,
Virginia,1,2019,Spirits,358265,5.05,,,,,,,,
Virginia,1,2019,Wine,270483,3.81,,,,,,,,
Virginia,1,2019,Beer,487984,6.88,,,,,,,,
Virginia,2,2019,Spirits,361980,5.1,,,,,,,,
Virginia,2,2019,Wine,257685,3.63,,,,,,,,
Virginia,2,2019,Beer,434430,6.12,,,,,,,,
Virginia,3,2019,Spirits,413413,5.83,,,,,,,,
Virginia,3,2019,Wine,261211,3.68,,,,,,,,
Virginia,3,2019,Beer,498475,7.03,,,,,,,,
Virginia,4,2019,Spirits,394111,5.55,,,,,,,,
Virginia,4,2019,Wine,293252,4.13,,,,,,,,
Virginia,4,2019,Beer,570960,8.05,,,,,,,,
Virginia,5,2019,Spirits,443046,6.24,,,,,,,,
Virginia,5,2019,Wine,315072,4.44,,,,,,,,
Virginia,5,2019,Beer,670576,9.45,,,,,,,,
Virginia,6,2019,Spirits,419800,5.92,,,,,,,,
Virginia,6,2019,Wine,267297,3.77,,,,,,,,
Virginia,6,2019,Beer,590770,8.33,,,,,,,,
Virginia,7,2019,Spirits,423424,5.97,,,,,,,,
Virginia,7,2019,Wine,281795,3.97,,,,,,,,
Virginia,7,2019,Beer,636358,8.97,,,,,,,,
Virginia,8,2019,Spirits,438959,6.19,,,,,,,,
Virginia,8,2019,Wine,286405,4.04,,,,,,,,
Virginia,8,2019,Beer,644758,9.09,,,,,,,,
Virginia,9,2019,Spirits,392687,5.53,,,,,,,,
Virginia,9,2019,Wine,267308,3.77,,,,,,,,
Virginia,9,2019,Beer,547184,7.71,,,,,,,,
Virginia,10,2019,Spirits,426412,6.01,,,,,,,,
Virginia,10,2019,Wine,316894,4.47,,,,,,,,
Virginia,10,2019,Beer,586718,8.27,,,,,,,,
Virginia,11,2019,Spirits,481326,6.78,,,,,,,,
Virginia,11,2019,Wine,319904,4.51,,,,,,,,
Virginia,11,2019,Beer,518639,7.31,,,,,,,,
Virginia,12,2019,Spirits,549479,7.74,,,,,,,,
Virginia,12,2019,Wine,355691,5.01,,,,,,,,
Virginia,12,2019,Beer,544450,7.67,,,,,,,,
Virginia,1,2020,Spirits,378039,5.33,,,,,,,,
Virginia,1,2020,Wine,263006,3.71,,,,,,,,
Virginia,1,2020,Beer,493631,6.96,,,,,,,,
Virginia,2,2020,Spirits,397254,5.6,,,,,,,,
Virginia,2,2020,Wine,258238,3.64,,,,,,,,
Virginia,2,2020,Beer,424059,5.98,,,,,,,,
Virginia,3,2020,Spirits,496560,7,,,,,,,,
Virginia,3,2020,Wine,321274,4.53,,,,,,,,
Virginia,3,2020,Beer,546917,7.71,,,,,,,,
Virginia,4,2020,Spirits,427915,6.03,,,,,,,,
Virginia,4,2020,Wine,306134,4.31,,,,,,,,
Virginia,4,2020,Beer,551550,7.77,,,,,,,,
Virginia,5,2020,Spirits,490353,6.91,,,,,,,,
Virginia,5,2020,Wine,324662,4.58,,,,,,,,
Virginia,5,2020,Beer,606073,8.54,,,,,,,,
Virginia,6,2020,Spirits,461143,6.5,,,,,,,,
Virginia,6,2020,Wine,319354,4.5,,,,,,,,
Wisconsin,1,2017,Spirits,570352,11.87,,,,,,,,
Wisconsin,1,2017,Wine,164756,3.43,,,,,,,,
Wisconsin,2,2017,Spirits,365380,7.6,,,,,,,,
Wisconsin,2,2017,Wine,129870,2.7,,,,,,,,
Wisconsin,3,2017,Spirits,377881,7.86,,,,,,,,
Wisconsin,3,2017,Wine,131897,2.74,,,,,,,,
Wisconsin,4,2017,Spirits,574748,11.96,,,,,,,,
Wisconsin,4,2017,Wine,168916,3.52,,,,,,,,
Wisconsin,5,2017,Spirits,438642,9.13,,,,,,,,
Wisconsin,5,2017,Wine,139058,2.89,,,,,,,,
Wisconsin,6,2017,Spirits,582305,12.12,,,,,,,,
Wisconsin,6,2017,Wine,167208,3.48,,,,,,,,
Wisconsin,7,2017,Spirits,633166,13.18,,,,,,,,
Wisconsin,7,2017,Wine,174505,3.63,,,,,,,,
Wisconsin,8,2017,Spirits,389960,8.12,,,,,,,,
Wisconsin,8,2017,Wine,139021,2.89,,,,,,,,
Wisconsin,9,2017,Spirits,493997,10.28,,,,,,,,
Wisconsin,9,2017,Wine,171106,3.56,,,,,,,,
Wisconsin,10,2017,Spirits,438771,9.13,,,,,,,,
Wisconsin,10,2017,Wine,173415,3.61,,,,,,,,
Wisconsin,11,2017,Spirits,660604,13.75,,,,,,,,
Wisconsin,11,2017,Wine,179552,3.74,,,,,,,,
Wisconsin,12,2017,Spirits,517552,10.77,,,,,,,,
Wisconsin,12,2017,Wine,195405,4.07,,,,,,,,
Wisconsin,1,2018,Spirits,559264,11.58,,,,,,,,
Wisconsin,1,2018,Wine,160868,3.33,,,,,,,,
Wisconsin,2,2018,Spirits,284305,5.89,,,,,,,,
Wisconsin,2,2018,Wine,140292,2.91,,,,,,,,
Wisconsin,3,2018,Spirits,560851,11.61,,,,,,,,
Wisconsin,3,2018,Wine,133008,2.75,,,,,,,,
Wisconsin,4,2018,Spirits,340431,7.05,,,,,,,,
Wisconsin,4,2018,Wine,159036,3.29,,,,,,,,
Wisconsin,5,2018,Spirits,579947,12.01,,,,,,,,
Wisconsin,5,2018,Wine,159075,3.29,,,,,,,,
Wisconsin,6,2018,Spirits,556155,11.52,,,,,,,,
Wisconsin,6,2018,Wine,174132,3.61,,,,,,,,
Wisconsin,7,2018,Spirits,505476,10.47,,,,,,,,
Wisconsin,7,2018,Wine,159988,3.31,,,,,,,,
Wisconsin,8,2018,Spirits,565035,11.7,,,,,,,,
Wisconsin,8,2018,Wine,152020,3.15,,,,,,,,
Wisconsin,9,2018,Spirits,565569,11.71,,,,,,,,
Wisconsin,9,2018,Wine,157134,3.25,,,,,,,,
Wisconsin,10,2018,Spirits,496812,10.29,,,,,,,,
Wisconsin,10,2018,Wine,142085,2.94,,,,,,,,
Wisconsin,11,2018,Spirits,610052,12.63,,,,,,,,
Wisconsin,11,2018,Wine,183456,3.8,,,,,,,,
Wisconsin,12,2018,Spirits,419857,8.69,,,,,,,,
Wisconsin,12,2018,Wine,168941,3.5,,,,,,,,
Wisconsin,1,2019,Spirits,608262,12.54,,,,,,,,
Wisconsin,1,2019,Wine,161231,3.32,,,,,,,,
Wisconsin,2,2019,Spirits,408271,8.42,,,,,,,,
Wisconsin,2,2019,Wine,153921,3.17,,,,,,,,
Wisconsin,3,2019,Spirits,450865,9.29,,,,,,,,
Wisconsin,3,2019,Wine,116555,2.4,,,,,,,,
Wisconsin,4,2019,Spirits,395346,8.15,,,,,,,,
Wisconsin,4,2019,Wine,150979,3.11,,,,,,,,
Wisconsin,5,2019,Spirits,494061,10.18,,,,,,,,
Wisconsin,5,2019,Wine,123430,2.54,,,,,,,,
Wisconsin,6,2019,Spirits,596975,12.3,,,,,,,,
Wisconsin,6,2019,Wine,165393,3.41,,,,,,,,
Wisconsin,7,2019,Spirits,643755,13.27,,,,,,,,
Wisconsin,7,2019,Wine,168503,3.47,,,,,,,,
Wisconsin,8,2019,Spirits,469790,9.68,,,,,,,,
Wisconsin,8,2019,Wine,174252,3.59,,,,,,,,
Wisconsin,9,2019,Spirits,493355,10.17,,,,,,,,
Wisconsin,9,2019,Wine,152114,3.14,,,,,,,,
Wisconsin,10,2019,Spirits,579318,11.94,,,,,,,,
Wisconsin,10,2019,Wine,172803,3.56,,,,,,,,
Wisconsin,11,2019,Spirits,605955,12.49,,,,,,,,
Wisconsin,11,2019,Wine,188741,3.89,,,,,,,,
Wisconsin,12,2019,Spirits,519293,10.7,,,,,,,,
Wisconsin,12,2019,Wine,160161,3.3,,,,,,,,
Wisconsin,1,2020,Spirits,618717,12.75,,,,,,,,
Wisconsin,1,2020,Wine,167404,3.45,,,,,,,,
Wisconsin,2,2020,Spirits,444990,9.17,,,,,,,,
Wisconsin,2,2020,Wine,131102,2.7,,,,,,,,
Wisconsin,3,2020,Spirits,398608,8.22,,,,,,,,
Wisconsin,3,2020,Wine,125126,2.58,,,,,,,,
Wisconsin,4,2020,Spirits,534098,11.01,,,,,,,,
Wisconsin,4,2020,Wine,177467,3.66,,,,,,,,
Wisconsin,5,2020,Spirits,492915,10.16,,,,,,,,
Wisconsin,5,2020,Wine,131978,2.72,,,,,,,,
Wisconsin,6,2020,Spirits,512313,10.56,,,,,,,,
Wisconsin,6,2020,Wine,168978,3.48,,,,,,,,
